-- MySQL dump 10.13  Distrib 8.0.21, for Win64 (x86_64)
--
-- Host: localhost    Database: snet1509
-- ------------------------------------------------------
-- Server version	8.0.21

/*!40101 SET @OLD_CHARACTER_SET_CLIENT=@@CHARACTER_SET_CLIENT */;
/*!40101 SET @OLD_CHARACTER_SET_RESULTS=@@CHARACTER_SET_RESULTS */;
/*!40101 SET @OLD_COLLATION_CONNECTION=@@COLLATION_CONNECTION */;
/*!50503 SET NAMES utf8mb4 */;
/*!40103 SET @OLD_TIME_ZONE=@@TIME_ZONE */;
/*!40103 SET TIME_ZONE='+00:00' */;
/*!40014 SET @OLD_UNIQUE_CHECKS=@@UNIQUE_CHECKS, UNIQUE_CHECKS=0 */;
/*!40014 SET @OLD_FOREIGN_KEY_CHECKS=@@FOREIGN_KEY_CHECKS, FOREIGN_KEY_CHECKS=0 */;
/*!40101 SET @OLD_SQL_MODE=@@SQL_MODE, SQL_MODE='NO_AUTO_VALUE_ON_ZERO' */;
/*!40111 SET @OLD_SQL_NOTES=@@SQL_NOTES, SQL_NOTES=0 */;

--
-- Table structure for table `comments`
--

DROP TABLE IF EXISTS `comments`;
/*!40101 SET @saved_cs_client     = @@character_set_client */;
/*!50503 SET character_set_client = utf8mb4 */;
CREATE TABLE `comments` (
  `id` bigint unsigned NOT NULL AUTO_INCREMENT,
  `user_id` bigint unsigned NOT NULL,
  `post_id` bigint unsigned NOT NULL,
  `body` text,
  `created_at` datetime DEFAULT CURRENT_TIMESTAMP,
  `updated_at` datetime DEFAULT CURRENT_TIMESTAMP ON UPDATE CURRENT_TIMESTAMP,
  PRIMARY KEY (`id`),
  UNIQUE KEY `id` (`id`),
  KEY `user_id` (`user_id`),
  KEY `post_id` (`post_id`),
  CONSTRAINT `comments_ibfk_1` FOREIGN KEY (`user_id`) REFERENCES `users` (`id`),
  CONSTRAINT `comments_ibfk_2` FOREIGN KEY (`post_id`) REFERENCES `posts` (`id`)
) ENGINE=InnoDB AUTO_INCREMENT=71 DEFAULT CHARSET=utf8mb4 COLLATE=utf8mb4_0900_ai_ci;
/*!40101 SET character_set_client = @saved_cs_client */;

--
-- Dumping data for table `comments`
--

LOCK TABLES `comments` WRITE;
/*!40000 ALTER TABLE `comments` DISABLE KEYS */;
INSERT INTO `comments` VALUES (1,4,16,'Nihil dignissimos sit corrupti animi. Quidem molestiae explicabo incidunt saepe autem atque et. Quas vel voluptas hic neque. Totam autem voluptate vitae accusantium.','1988-07-14 13:54:45','1999-05-29 02:32:10'),(2,31,61,'Error asperiores ea consectetur voluptatem officiis. Vero et et pariatur impedit vero ut eius. Sed quasi neque non impedit tempore.','2015-08-01 08:57:56','1992-02-29 13:20:52'),(3,64,64,'Deleniti earum ducimus rerum sint perferendis qui. Dolores voluptatum ab omnis. Aut unde sint quia. Ut voluptatem iusto exercitationem sint doloribus.','1976-11-14 05:57:14','1976-07-08 20:55:15'),(4,43,48,'Voluptatem non eum cumque. Dolorem fugit dolores et vero ab officia ullam. Quo numquam eum ea corporis et fugit illum.','2016-04-24 15:41:32','1995-10-05 16:17:04'),(5,45,9,'Id nemo et est quia iste. Dolorum quasi ratione inventore et rerum. Neque aspernatur incidunt consequatur qui eveniet nam.','2016-01-11 16:57:18','2015-05-31 20:12:03'),(6,57,32,'Ea ipsa laboriosam reprehenderit consequatur natus molestiae ut molestiae. Exercitationem labore optio esse quae mollitia totam velit enim. Velit animi accusamus aperiam facilis impedit.','1994-05-23 23:11:00','2011-06-16 07:47:17'),(7,12,59,'Fugiat iste occaecati veniam et. Unde hic deleniti culpa adipisci sint nemo incidunt. Eum accusamus ut aut.','1992-09-03 03:04:07','1994-03-27 11:51:57'),(8,78,17,'Quam repellendus incidunt id aut. Et et modi impedit nostrum qui accusantium. Sit beatae assumenda et et natus corporis voluptatem alias. Sequi eum vero corrupti ipsa maiores et. Voluptatibus et laboriosam aut aut facilis dolorum.','1994-01-05 02:42:35','1986-05-23 14:16:20'),(9,28,44,'Quia sunt eos quo nemo. Reprehenderit ut repellendus incidunt quos. Maxime ducimus omnis velit sit recusandae.','1984-06-02 16:37:28','2016-05-10 02:19:56'),(10,100,68,'Eligendi autem perferendis et et omnis aut temporibus. Porro rerum sed soluta rerum veritatis odio.','1994-10-04 13:53:23','1986-10-03 14:37:21'),(11,88,34,'Numquam ipsam et dolores cupiditate ullam neque. Laborum nostrum nostrum aut odio ab amet reiciendis optio. Et in error magnam assumenda est quisquam nostrum.','1970-04-28 16:15:39','1975-11-08 01:25:36'),(12,8,49,'Et repellendus qui commodi commodi qui quis non. Iure sunt commodi optio perferendis reprehenderit eum sunt. Atque necessitatibus est inventore quis quas repudiandae occaecati et. Doloremque voluptas aut omnis sequi corporis porro accusantium.','1996-07-13 03:36:33','1972-06-09 00:26:51'),(13,35,70,'Tempora sit perferendis consectetur qui. Nostrum aspernatur accusantium eaque sapiente totam sit. Expedita earum et cum laborum voluptas aliquam blanditiis iste. Repellendus fuga minima ut.','2000-09-13 11:54:52','1991-10-14 09:48:59'),(14,57,75,'Aut ut asperiores sit nostrum eos ut. Iusto rerum ex dicta sint. Saepe non omnis adipisci sed repellat libero.','1983-08-28 02:09:09','1987-06-14 02:26:22'),(15,77,89,'Similique eaque laborum rerum facilis eius. Ipsam iure provident ad consequatur ut eos inventore. Libero provident sunt omnis quia dolor nobis nulla. Architecto natus dolores ut id esse aspernatur.','1972-10-01 18:42:25','2019-02-02 09:28:54'),(16,12,81,'A amet provident occaecati possimus quisquam et cum nobis. Doloremque qui et expedita aut. Eligendi autem iure ut quia.','1980-11-26 09:33:59','2001-12-29 16:55:08'),(17,5,43,'Magnam optio amet tenetur consequatur quod dolorum veniam repudiandae. Omnis eos aut illum. Quam est dolorum nemo sint alias. Molestiae sit nobis molestias mollitia ratione nihil.','1986-12-28 21:56:57','2005-10-23 05:25:15'),(18,41,69,'Officiis nihil voluptas saepe quaerat totam nostrum. Dicta similique enim aut impedit.','1999-10-28 17:37:58','1993-02-05 11:58:06'),(19,7,84,'Ex unde quod culpa est culpa. Magni voluptas iste facere aspernatur. Veritatis ipsum aliquam commodi rerum. Aut facere impedit nesciunt reprehenderit molestiae placeat.','1993-10-16 21:26:49','2015-08-08 16:01:10'),(20,16,51,'Deserunt facilis temporibus omnis distinctio dolorum. Vitae et ipsa earum blanditiis ut fuga earum. Ut perspiciatis temporibus saepe incidunt provident rem. Non impedit dicta non consectetur voluptatem rerum reiciendis necessitatibus.','1986-10-14 02:34:42','2016-06-17 10:04:22'),(21,92,72,'Impedit voluptatem omnis illo tenetur. Cum reprehenderit laboriosam voluptatem unde dolores. Esse molestias voluptatem delectus facilis reiciendis. Et quas provident quidem impedit et occaecati dolores.','1988-01-15 17:13:52','1987-07-14 17:21:20'),(22,83,4,'Quas quaerat error magni sit doloremque. Quam at non accusamus eum recusandae rem est. In qui quae quia voluptatum repellat.','2017-06-15 16:08:21','1993-12-15 08:01:40'),(23,31,61,'Dolorum accusantium cumque qui mollitia aut. Dolorem excepturi tenetur quo molestiae ullam facere nihil quia. Ipsa nostrum repellendus voluptas aut. Autem eum ab rerum sed rerum modi aut.','2006-02-16 04:42:53','1984-05-12 06:37:46'),(24,21,58,'Sapiente libero non ea pariatur ut odit. Quisquam id rerum et est natus non ex ipsum.','1981-06-09 03:17:50','1975-11-13 06:28:31'),(25,5,20,'Possimus quis dolore necessitatibus eaque rerum id illo. Impedit est ut exercitationem et ipsam corrupti mollitia. Deleniti est autem id nulla soluta. Corporis modi totam incidunt officiis quae eum. Cupiditate laudantium placeat dicta labore at incidunt et.','1978-01-19 13:21:37','1992-01-25 15:37:33'),(26,26,93,'Unde illum qui quae at iste nesciunt. Quibusdam aliquam qui fugit commodi explicabo et distinctio. Nulla sunt harum ut alias.','1988-12-01 01:40:45','2000-01-02 23:24:21'),(27,54,33,'Ad autem quis molestias ut cum. Quod et consequatur non sed fugiat. Dolorum dicta architecto dolores veniam hic. Commodi velit nesciunt impedit error cupiditate.','2014-08-19 19:33:41','1989-07-16 00:43:26'),(28,41,88,'Provident est nobis autem dolor inventore. Eum nostrum voluptatum similique. Itaque est consequatur officia ut iste et. Occaecati occaecati voluptatibus quaerat adipisci ipsum autem molestiae.','2018-05-26 05:03:48','1990-09-25 21:42:31'),(29,3,98,'Cum sunt quisquam vel nesciunt. Autem saepe et perferendis doloribus officiis beatae neque est. Rerum voluptatibus magni est enim esse totam inventore. Incidunt dolorem iste vero vitae hic commodi et.','1973-07-21 17:25:48','1981-07-29 04:53:31'),(30,63,79,'Eos nesciunt debitis fugit deleniti. Voluptatem unde ut ullam repellendus praesentium pariatur vel. Voluptate officiis ipsam et et omnis doloribus. Sunt a cumque sint.','2007-02-08 13:16:40','2004-02-13 16:47:41'),(31,87,75,'Et voluptatem quae ut. Corrupti neque suscipit omnis voluptatem et expedita tempora. Cupiditate dolores qui non ratione voluptatem totam maiores.','1990-10-02 11:02:13','1985-03-28 22:16:28'),(32,60,91,'Voluptas ab voluptas dicta. Neque facere asperiores mollitia qui ratione distinctio. Et fugiat eligendi consequatur tempora. Odit cumque ad eum dolorem iste distinctio neque.','2002-11-07 12:59:47','1981-11-27 01:05:49'),(33,17,100,'Expedita iure vitae non tempore qui quia et. Dolorum quia dicta sit et ut quo. Dolor voluptatem commodi facere magni tenetur provident. Quae dolorem ut ut aliquid beatae aut veritatis dolor. Fugiat sit aut aut qui tenetur quia cupiditate.','2004-09-18 07:36:43','1973-08-13 16:14:10'),(34,59,23,'Itaque suscipit ea numquam labore. Autem suscipit eum voluptatem in aliquid labore. Veniam veritatis mollitia porro fugiat cupiditate iusto numquam.','2013-11-01 12:10:13','2002-01-23 10:39:28'),(35,84,75,'Assumenda voluptas esse ad. Reprehenderit ea non sunt. Incidunt tempora rem magnam omnis neque non ut. Et voluptates consequatur quidem nisi et magni.','1970-04-09 08:53:59','1998-04-13 16:30:04'),(36,73,76,'Quo repudiandae qui ullam aut. Dolorem quis id ut commodi dolore dolores expedita. Ad rerum voluptatum minima aut. Enim sit dolorum cum deleniti consequatur magni sit.','2008-05-06 15:46:33','2003-02-11 22:14:30'),(37,47,55,'Ea quia odio quidem libero consequatur. Laborum ut ea rerum velit rerum. Illo vel eos alias qui omnis. Deserunt in quia dolorum reiciendis dicta ad ullam.','2010-06-02 13:29:40','1987-01-08 15:01:09'),(38,79,77,'Hic ullam quod esse eum et nemo. In ut nemo id suscipit. Voluptates rerum repellendus amet facilis. Amet id maiores non odit.','1986-12-09 17:01:57','1987-03-27 14:20:42'),(39,16,100,'Libero suscipit qui nulla nihil. Et ducimus magni quis commodi veniam et quos soluta. Facere fugit fugiat tenetur cumque et corrupti est atque.','1987-07-02 19:58:13','1979-10-27 03:59:32'),(40,35,20,'Sit culpa tempore non et eos repellat. Et magni dignissimos assumenda autem et laudantium. Praesentium velit voluptatibus magni a voluptatem officiis laboriosam. Laboriosam rem illum at unde.','1998-04-21 16:45:39','1994-10-12 21:16:51'),(41,19,60,'Nemo recusandae qui ratione adipisci ipsum architecto voluptatum. Velit autem non asperiores voluptatem ut. Vero aspernatur consequatur iure rem. Sed earum accusamus fugit voluptatibus voluptas. Dolor esse corrupti aut ea.','1988-07-11 13:08:53','1986-06-13 21:19:06'),(42,12,73,'Eos rerum molestiae sapiente vero tenetur ducimus aut. Id nobis aliquid assumenda ut. Est aliquid et odio. Magni consectetur reiciendis ut qui neque magnam.','2001-10-18 20:58:14','2013-07-27 19:26:54'),(43,93,52,'Molestiae dolor voluptates et harum. Numquam ipsa ut omnis odit maxime. Provident consequatur repellat quia repellendus libero.','2001-03-03 22:25:55','1977-05-23 19:49:55'),(44,60,95,'Minus non dolore qui quod. Soluta natus deleniti ipsam quod alias sed saepe. Distinctio unde ut dignissimos eum. Ea sunt et iusto quaerat culpa voluptatum.','2012-02-20 10:03:48','1982-03-27 01:22:51'),(45,50,23,'Porro temporibus hic iste quo qui. Eos optio est assumenda numquam eius. Reprehenderit rerum commodi ex optio et beatae. Reiciendis incidunt error et placeat.','1977-08-07 14:11:30','1988-02-18 20:29:02'),(46,74,36,'In cumque nam quaerat veritatis sunt quae itaque. Ratione perferendis ut aut qui autem.','1990-09-30 11:04:50','2012-11-02 06:28:43'),(47,97,33,'Necessitatibus et sapiente et id quaerat eius accusantium temporibus. Adipisci ab rerum eligendi et. Consequuntur architecto velit consequatur in nobis suscipit.','1993-11-18 11:30:47','2009-01-27 19:20:19'),(48,27,13,'Non sint quod vero alias molestiae sapiente ipsum. Necessitatibus minus vel officia ad sit nemo. Beatae et porro est commodi enim labore eaque.','1980-11-28 02:30:45','2001-09-04 15:29:05'),(49,33,86,'Et beatae ut qui inventore sapiente quaerat. Rem officia occaecati doloribus tempore aut quae labore incidunt.','1975-06-16 20:30:00','2013-01-29 16:15:49'),(50,35,17,'Maiores provident fuga eum ratione. Repudiandae saepe ut nihil omnis quisquam. Amet deserunt ducimus a vero.','1973-08-19 18:42:11','2001-01-19 21:29:43'),(51,60,8,'Dolore ipsum aliquam quam quos illo ut asperiores. Quo vero quod reiciendis quibusdam quod eius. Veritatis mollitia amet fugiat omnis veritatis. Dolorem expedita officia voluptas deleniti neque suscipit quam.','2006-08-02 15:00:39','1970-06-27 20:14:16'),(52,92,6,'Et dolores labore consequatur dolore tempora accusamus. Molestiae dolorem veritatis deleniti ab voluptate placeat facere. Autem omnis omnis possimus voluptates et dolor.','2008-07-28 15:52:17','1971-06-05 04:14:55'),(53,63,71,'Ratione aut quo delectus quisquam perferendis ea sunt. Veniam fuga odio nam voluptas beatae. Eum est qui vero sapiente quia ipsum.','1988-11-26 10:06:52','1995-12-25 06:02:01'),(54,83,78,'Est earum et nulla voluptatem. Dicta aut at et voluptatem velit autem et. Et nihil fugit qui asperiores et qui qui. Eum dolore suscipit enim perferendis velit eveniet.','1981-10-08 09:20:21','1972-03-25 18:06:01'),(55,70,17,'Cum suscipit pariatur esse et quaerat quia. Perspiciatis consequatur cumque et. Necessitatibus quos ad molestias quisquam ut voluptate totam provident.','1987-03-01 12:27:12','1980-02-26 17:31:51'),(56,97,89,'Natus ut dignissimos id tempora. Officia nulla ipsum vero ea quas dolores modi ea. Qui dolore quod id recusandae. Sit illo reprehenderit nesciunt sapiente vero non. Quia quo incidunt consectetur exercitationem qui neque.','1975-02-25 10:21:26','2000-10-31 02:59:44'),(57,77,8,'Repellendus eligendi veritatis odio necessitatibus dolor consequatur. Quo beatae quibusdam aut illum officia sequi. Ipsum aliquam est amet temporibus harum quidem excepturi.','1983-03-24 20:10:25','1976-11-24 00:01:54'),(58,61,69,'Error eveniet facere et maiores in est. Dolor tempore non et voluptas sed incidunt. Ut dolore rerum voluptate voluptatibus. Porro quia iure libero voluptatibus quia sed.','1972-02-17 22:03:39','1993-05-27 22:10:25'),(59,60,21,'Porro eligendi natus et accusantium amet non. Consequuntur sed non doloremque accusantium.','2002-12-20 00:07:22','2001-03-11 19:17:31'),(60,64,9,'Non quod tempora corrupti non. Numquam odit excepturi fugit omnis voluptas consequuntur. Error ipsa quasi laboriosam reiciendis in quae velit.','1973-08-01 22:27:38','2003-12-03 04:22:31'),(61,43,37,'Molestias velit maiores doloremque iste officia alias. Praesentium et et numquam ut vitae voluptatem expedita.','2002-02-08 17:37:11','2018-07-02 05:17:23'),(62,45,39,'Est porro mollitia vitae. Aut accusamus voluptatem ducimus facilis. Sunt repudiandae nostrum sit.','1989-02-19 08:29:57','1988-10-31 07:33:30'),(63,70,71,'Nemo et sint doloremque sed corrupti. Repellendus quibusdam et consequatur quam soluta laborum quis. Ea magnam nihil et rerum voluptate odit.','1976-02-12 19:06:38','2015-01-11 03:55:16'),(64,51,3,'Illum sint qui facere est vero. Et cumque unde dicta earum aspernatur. Soluta natus et maxime reiciendis dolorem. Soluta quia officiis tempore. Aut veniam et fugiat velit sequi voluptas est.','1972-05-24 11:09:30','2014-07-21 19:32:47'),(65,56,86,'Excepturi delectus nisi aliquid ut incidunt impedit. Debitis expedita consectetur fugiat sequi quas.','1980-07-29 13:59:31','1987-01-08 12:15:12'),(66,19,16,'Temporibus qui corrupti omnis corporis et omnis. Tenetur suscipit iste ut. Officiis doloremque et doloribus sit autem. Magnam officiis facilis occaecati illo.','1973-06-11 08:05:49','2017-12-30 11:34:26'),(67,94,11,'Sit culpa enim qui et aut error. Qui molestiae pariatur minima. Amet tempora itaque necessitatibus consequatur ab. Cum culpa et inventore doloremque rerum rerum sed.','2000-11-08 16:51:46','2012-12-08 16:21:10'),(68,22,56,'Aut laborum dolor quas sit. Alias possimus omnis fuga at ut corporis culpa.','1979-05-21 08:22:04','1989-12-15 18:17:28'),(69,82,4,'Aut nesciunt iure hic adipisci est quasi. Architecto et ut impedit accusamus doloribus dolorem. Repellat omnis error repellendus est assumenda. Quibusdam itaque nemo similique tenetur corporis rerum.','2007-03-06 20:28:35','1995-09-04 11:05:51'),(70,34,51,'Saepe illo aut magni esse modi delectus quis. Voluptatem et minus autem illo dolorem quo. Molestiae totam perferendis quae qui sunt quia tenetur.','1986-04-20 11:31:05','1997-01-15 01:29:56');
/*!40000 ALTER TABLE `comments` ENABLE KEYS */;
UNLOCK TABLES;

--
-- Table structure for table `communities`
--

DROP TABLE IF EXISTS `communities`;
/*!40101 SET @saved_cs_client     = @@character_set_client */;
/*!50503 SET character_set_client = utf8mb4 */;
CREATE TABLE `communities` (
  `id` bigint unsigned NOT NULL AUTO_INCREMENT,
  `name` varchar(150) DEFAULT NULL,
  PRIMARY KEY (`id`),
  UNIQUE KEY `id` (`id`),
  KEY `communities_name_idx` (`name`)
) ENGINE=InnoDB AUTO_INCREMENT=21 DEFAULT CHARSET=utf8mb4 COLLATE=utf8mb4_0900_ai_ci;
/*!40101 SET character_set_client = @saved_cs_client */;

--
-- Dumping data for table `communities`
--

LOCK TABLES `communities` WRITE;
/*!40000 ALTER TABLE `communities` DISABLE KEYS */;
INSERT INTO `communities` VALUES (18,'aut'),(10,'corporis'),(3,'dolor'),(15,'et'),(13,'libero'),(7,'magnam'),(1,'numquam'),(11,'possimus'),(2,'quam'),(8,'qui'),(16,'ratione'),(9,'recusandae'),(5,'rerum'),(12,'sed'),(19,'sint'),(6,'sunt'),(20,'velit'),(17,'veniam'),(4,'voluptas'),(14,'voluptatem');
/*!40000 ALTER TABLE `communities` ENABLE KEYS */;
UNLOCK TABLES;

--
-- Table structure for table `friends_requests`
--

DROP TABLE IF EXISTS `friends_requests`;
/*!40101 SET @saved_cs_client     = @@character_set_client */;
/*!50503 SET character_set_client = utf8mb4 */;
CREATE TABLE `friends_requests` (
  `initiator_user_id` bigint unsigned NOT NULL,
  `target_user_id` bigint unsigned NOT NULL,
  `status` enum('requested','approved','unfriended','declined') DEFAULT 'requested',
  `requested_at` datetime DEFAULT CURRENT_TIMESTAMP,
  `confirmed_at` datetime DEFAULT CURRENT_TIMESTAMP ON UPDATE CURRENT_TIMESTAMP,
  PRIMARY KEY (`initiator_user_id`,`target_user_id`),
  KEY `target_user_id` (`target_user_id`),
  KEY `initiator_user_id` (`initiator_user_id`),
  CONSTRAINT `friends_requests_ibfk_1` FOREIGN KEY (`initiator_user_id`) REFERENCES `users` (`id`),
  CONSTRAINT `friends_requests_ibfk_2` FOREIGN KEY (`target_user_id`) REFERENCES `users` (`id`)
) ENGINE=InnoDB DEFAULT CHARSET=utf8mb4 COLLATE=utf8mb4_0900_ai_ci;
/*!40101 SET character_set_client = @saved_cs_client */;

--
-- Dumping data for table `friends_requests`
--

LOCK TABLES `friends_requests` WRITE;
/*!40000 ALTER TABLE `friends_requests` DISABLE KEYS */;
INSERT INTO `friends_requests` VALUES (1,45,'unfriended','1970-04-03 18:48:23','2011-03-18 23:31:41'),(2,23,'requested','2011-02-26 02:51:26','1978-05-30 11:20:03'),(3,33,'approved','1980-06-23 17:39:25','2000-07-16 04:09:05'),(3,59,'unfriended','2009-01-12 06:58:54','2007-02-21 08:34:50'),(3,92,'unfriended','1984-09-08 19:48:29','2009-01-13 09:01:57'),(5,14,'approved','1989-01-25 22:12:37','1978-10-09 04:10:13'),(6,5,'requested','2019-09-20 22:32:43','2006-03-08 14:47:23'),(7,57,'declined','2002-04-26 04:53:15','2005-03-30 04:07:50'),(7,65,'unfriended','1993-03-15 19:05:36','2006-09-16 02:09:57'),(7,85,'unfriended','2014-02-01 01:08:27','2002-04-20 01:28:15'),(7,92,'declined','2003-03-05 00:12:55','2000-05-21 02:55:09'),(8,10,'unfriended','2005-01-28 08:30:29','1988-08-09 23:23:27'),(9,9,'requested','1998-10-23 08:50:28','1986-11-01 09:22:49'),(10,23,'unfriended','1997-07-27 16:43:02','1998-10-01 00:20:13'),(11,59,'unfriended','1978-05-27 12:58:07','2001-02-19 11:11:29'),(11,74,'approved','2016-09-16 11:49:59','2004-05-10 19:47:37'),(12,48,'unfriended','1972-03-31 13:19:06','2000-11-19 17:35:51'),(12,67,'approved','1999-04-02 01:56:54','1996-05-22 22:44:33'),(13,85,'requested','1971-10-05 08:09:34','1970-09-30 10:51:36'),(14,32,'requested','1997-10-14 10:43:32','1993-07-01 16:27:28'),(14,46,'declined','1974-01-13 18:01:26','1977-11-07 06:11:35'),(15,2,'unfriended','1988-07-07 06:24:30','1993-11-06 02:26:30'),(17,96,'unfriended','2019-05-21 02:44:17','2016-09-02 10:36:14'),(18,91,'requested','1997-07-06 06:43:18','1999-04-20 04:16:49'),(23,62,'requested','2015-09-10 04:32:34','1982-07-29 14:34:25'),(25,75,'requested','2002-07-19 04:50:12','1989-09-22 10:19:19'),(27,29,'requested','1988-03-15 02:18:58','1984-12-31 17:52:08'),(27,70,'declined','1979-05-12 07:45:07','2008-07-22 05:42:36'),(27,78,'declined','1992-04-18 18:47:11','1998-12-02 19:35:27'),(28,64,'requested','1977-10-05 01:18:35','2012-06-27 05:12:56'),(28,66,'requested','2007-01-12 11:18:26','1998-08-01 23:38:15'),(31,31,'declined','1997-10-01 06:10:53','1985-03-03 11:43:51'),(31,45,'approved','2011-04-07 22:41:03','2019-09-06 01:00:53'),(31,91,'declined','2004-06-01 19:51:32','2013-06-12 18:17:53'),(33,5,'approved','2017-12-27 08:04:05','1980-01-15 09:55:34'),(33,45,'requested','1972-03-22 11:16:00','1976-10-29 21:41:53'),(33,48,'declined','1982-04-29 17:24:15','2001-08-24 12:10:13'),(33,98,'requested','2019-01-26 04:50:03','2018-10-09 03:16:02'),(34,37,'requested','1985-04-02 10:57:03','1991-09-10 10:25:52'),(35,56,'declined','1989-10-08 19:38:40','1991-04-19 00:26:19'),(36,33,'requested','1989-11-06 10:16:21','1998-01-05 15:25:38'),(36,69,'declined','1999-10-27 04:18:34','2017-03-31 11:29:28'),(36,85,'unfriended','2014-06-27 15:57:29','2005-07-11 01:33:12'),(36,97,'requested','1982-07-16 16:41:08','1992-10-20 02:24:38'),(36,99,'unfriended','1977-01-18 22:20:37','1998-06-29 22:23:53'),(37,37,'requested','1998-02-08 07:21:11','1999-10-21 19:09:04'),(38,9,'unfriended','2000-04-26 02:50:13','1988-12-17 14:53:35'),(39,45,'approved','1970-08-03 06:20:42','2006-10-03 18:57:24'),(41,60,'declined','2010-03-19 18:59:56','1971-09-29 09:01:06'),(41,88,'requested','1970-09-11 20:18:49','2000-04-08 13:28:32'),(41,91,'approved','1992-01-21 19:38:51','2002-08-23 04:27:01'),(42,81,'unfriended','2009-12-28 22:18:57','2019-06-06 20:27:13'),(46,13,'declined','1990-10-22 06:11:37','2002-09-18 19:39:29'),(46,21,'unfriended','1977-02-01 19:56:59','2000-05-07 03:48:19'),(46,99,'declined','1998-09-06 00:45:19','2020-01-23 09:22:43'),(47,77,'declined','1986-12-07 06:39:15','1974-06-29 11:19:27'),(50,51,'declined','1972-04-25 15:03:18','2011-09-13 03:01:49'),(51,69,'declined','1992-05-16 18:16:07','2011-05-30 05:51:30'),(52,32,'declined','2011-04-16 15:34:03','2011-07-05 05:39:00'),(52,44,'declined','2014-02-01 04:05:00','2012-07-17 04:26:40'),(52,95,'approved','1985-02-18 12:56:07','2002-09-06 17:24:54'),(53,78,'declined','1991-10-08 12:31:20','2019-07-26 22:41:56'),(54,52,'approved','1982-03-03 23:58:24','2003-11-15 15:06:04'),(54,72,'declined','1999-04-28 07:16:43','1991-12-26 09:41:09'),(54,91,'unfriended','1971-07-21 18:00:36','1991-11-13 17:25:07'),(57,2,'requested','2016-12-17 06:04:11','1980-12-29 15:37:53'),(57,46,'approved','1997-11-09 06:36:26','1975-09-27 15:18:56'),(57,69,'requested','1982-06-18 20:14:20','2013-05-10 07:29:38'),(59,7,'unfriended','1991-02-21 13:34:52','1985-01-06 22:08:03'),(61,11,'declined','1993-03-27 21:12:44','1971-10-02 13:00:13'),(61,97,'requested','2017-10-21 00:52:46','1998-12-15 18:09:40'),(67,63,'approved','1987-03-18 06:35:38','1981-10-10 05:46:28'),(68,28,'unfriended','1982-12-20 23:24:15','1974-05-28 06:54:37'),(68,45,'declined','1992-06-18 19:51:45','1988-08-02 00:47:22'),(68,49,'declined','2012-10-23 09:22:00','1994-01-04 13:37:55'),(73,50,'declined','2015-09-27 00:51:36','1975-01-13 01:48:57'),(73,78,'requested','1996-08-03 21:00:43','1989-12-26 14:58:21'),(75,66,'declined','1981-06-30 23:38:11','2005-04-12 21:33:17'),(76,10,'declined','2003-12-09 17:25:56','1995-03-12 03:22:05'),(77,63,'approved','1983-04-18 22:52:35','1989-09-06 12:12:48'),(80,3,'approved','1972-06-08 18:03:40','2007-07-20 22:26:04'),(80,75,'unfriended','2005-03-12 03:21:41','1994-02-12 20:36:35'),(81,52,'approved','1973-02-12 09:27:14','1990-09-25 01:20:56'),(83,46,'approved','1984-05-06 06:17:49','1990-02-19 16:25:38'),(83,50,'requested','1999-04-28 20:49:08','1990-12-27 01:49:23'),(84,41,'declined','1998-10-14 12:50:19','1983-12-06 20:15:10'),(84,54,'unfriended','1974-07-24 01:01:29','2005-03-26 07:16:51'),(88,27,'requested','1975-11-03 14:54:44','1970-01-09 14:08:08'),(88,86,'declined','1996-04-14 17:27:51','1999-09-25 12:42:01'),(90,77,'unfriended','1971-11-30 02:51:37','2003-11-11 08:22:49'),(91,7,'unfriended','2019-10-18 06:36:35','1990-06-03 17:48:44'),(92,52,'unfriended','1980-06-08 13:30:23','2004-10-12 18:56:40'),(92,57,'unfriended','1972-05-01 00:58:20','2008-04-08 08:08:11'),(93,4,'requested','1970-09-12 11:05:39','2012-02-08 06:17:36'),(95,83,'unfriended','2019-11-30 23:09:15','2020-07-12 13:59:58'),(97,57,'declined','1984-12-22 21:36:37','1992-06-06 16:06:01'),(98,37,'requested','2001-04-08 16:24:55','1986-11-06 07:33:56'),(100,2,'declined','1978-03-20 17:44:12','1978-08-15 04:31:42'),(100,90,'unfriended','1997-04-26 16:26:18','1992-07-26 18:13:59');
/*!40000 ALTER TABLE `friends_requests` ENABLE KEYS */;
UNLOCK TABLES;

--
-- Table structure for table `messages`
--

DROP TABLE IF EXISTS `messages`;
/*!40101 SET @saved_cs_client     = @@character_set_client */;
/*!50503 SET character_set_client = utf8mb4 */;
CREATE TABLE `messages` (
  `id` bigint unsigned NOT NULL AUTO_INCREMENT,
  `from_user_id` bigint unsigned NOT NULL,
  `to_user_id` bigint unsigned NOT NULL,
  `body` text,
  `is_read` tinyint(1) DEFAULT '0',
  `created_at` datetime DEFAULT CURRENT_TIMESTAMP,
  PRIMARY KEY (`id`),
  UNIQUE KEY `id` (`id`),
  KEY `from_user_id` (`from_user_id`),
  KEY `to_user_id` (`to_user_id`),
  CONSTRAINT `messages_ibfk_1` FOREIGN KEY (`from_user_id`) REFERENCES `users` (`id`),
  CONSTRAINT `messages_ibfk_2` FOREIGN KEY (`to_user_id`) REFERENCES `users` (`id`)
) ENGINE=InnoDB AUTO_INCREMENT=101 DEFAULT CHARSET=utf8mb4 COLLATE=utf8mb4_0900_ai_ci;
/*!40101 SET character_set_client = @saved_cs_client */;

--
-- Dumping data for table `messages`
--

LOCK TABLES `messages` WRITE;
/*!40000 ALTER TABLE `messages` DISABLE KEYS */;
INSERT INTO `messages` VALUES (1,52,10,'Repellendus hic nulla perspiciatis maiores dolorem odio. Autem aut ratione quia consequuntur fuga aliquid saepe.',0,'2009-06-14 00:55:22'),(2,90,82,'Perferendis fugiat magnam quos quidem autem. Ab soluta cumque eos tenetur quae et quia. Ipsum vel nulla omnis sint recusandae recusandae. Iure ipsam a aliquid tempore itaque molestias.',1,'2005-05-25 23:20:00'),(3,2,11,'Tenetur omnis quasi vero est delectus. Alias non qui occaecati voluptas amet ut eaque. Vitae harum vero quia qui. Sit doloribus nostrum similique eum.',1,'1995-12-15 10:56:44'),(4,73,34,'Aut excepturi aut nesciunt provident maxime dignissimos. Ab occaecati velit numquam aliquam tempore rerum doloribus voluptatibus. Ea aspernatur neque qui error.',0,'1997-07-26 06:10:59'),(5,72,69,'Voluptas impedit rerum delectus nihil. Perspiciatis quis repudiandae qui illum ipsa pariatur expedita. Laborum magni quia et vel temporibus ab cumque.',0,'1979-03-18 21:19:02'),(6,92,41,'Nihil illo autem iusto quas. Eligendi aut unde voluptas est magnam quibusdam. Porro omnis ducimus est voluptates sint voluptate libero. Modi distinctio debitis culpa et.',0,'2018-08-27 10:59:59'),(7,22,37,'Rerum qui ea nisi quasi at illo. Impedit error molestiae ipsum vel. Harum aspernatur consequuntur consequatur omnis error animi. Inventore laboriosam iusto sit est est accusantium numquam.',1,'1978-12-24 00:14:34'),(8,85,75,'Et sed est non rerum nisi dolorem veniam quis. Mollitia ex labore non odit. Dignissimos amet est repellendus. Qui quo quae atque dolorem. Quae et tempore quo non laudantium dolores porro.',1,'2020-07-14 08:06:28'),(9,13,68,'Nam quas quis ratione maiores reiciendis temporibus. Qui labore consequatur est nihil et perferendis.',1,'2018-06-20 08:03:26'),(10,98,48,'Corporis omnis optio odio consequatur. Eos quo sunt qui harum. Aut qui enim quis rem. Eligendi velit ut provident sit magni.',0,'1992-02-25 16:07:41'),(11,86,50,'Temporibus aut corporis voluptates nisi nobis. Asperiores reprehenderit ut ut vel. Perspiciatis et minima culpa fugiat velit. Quidem nostrum quisquam ullam cumque error voluptatibus vel.',1,'1980-03-20 14:44:45'),(12,78,22,'Cumque atque molestiae sint placeat. Totam qui rerum ipsam nostrum in. Dolor labore dolorem earum culpa. Et nemo non libero et omnis ratione.',1,'2011-11-29 07:02:12'),(13,64,55,'Id dolor inventore et aut eveniet at sit maxime. Eos ut hic voluptatem sint delectus. Animi minima et aut vel blanditiis tenetur.',1,'1995-07-16 06:11:43'),(14,14,2,'Et molestiae quas vel molestiae deserunt alias eaque. Minus molestiae nemo ea consequatur et est. Doloremque voluptatum et facere aut excepturi. Ut neque molestiae tenetur ab accusamus.',1,'2001-09-24 18:38:16'),(15,49,43,'At eum eligendi animi ad quaerat doloremque sunt. Ipsum dolore necessitatibus nostrum pariatur nisi. Voluptatem occaecati nam perferendis. Rem voluptatum similique est velit minus.',1,'1997-04-13 21:10:54'),(16,59,100,'Nobis perferendis quia ut dolore suscipit labore eveniet quam. Nemo magni non dolores molestiae praesentium. Repellat sequi aut vel.',1,'2000-11-01 20:46:24'),(17,53,49,'Saepe aut occaecati voluptas omnis nisi est rerum. Explicabo perspiciatis et omnis assumenda dolores officiis odit. Ducimus omnis et temporibus est qui.',0,'2008-02-08 14:59:06'),(18,81,54,'Aspernatur aliquid magnam earum nisi quasi consequuntur. Rerum fugiat molestiae nemo est et. Nulla pariatur et eveniet sed nostrum nobis aperiam. Eaque voluptatibus voluptas necessitatibus voluptates.',1,'2012-12-24 22:29:48'),(19,60,53,'Itaque nihil nesciunt exercitationem quae sapiente. Enim nemo nesciunt quo modi qui. Non iure voluptatem ratione sequi non. Fugit id ea nostrum.',1,'1981-06-23 00:19:16'),(20,88,32,'Qui sed sit et illum odit sequi architecto aut. Provident ut natus qui sequi reiciendis odio. Assumenda minus soluta ut aut eaque perferendis.',0,'2010-03-05 16:30:06'),(21,21,80,'Voluptates cumque nostrum numquam reiciendis. Ut aut accusamus modi iusto. Quidem nesciunt repellat quaerat dolor occaecati natus.',0,'1987-01-01 15:51:38'),(22,72,43,'Aut necessitatibus velit laboriosam mollitia maiores sed neque. Tenetur molestias voluptatibus et earum. Perferendis eum similique accusantium rem.',1,'1999-07-02 11:59:10'),(23,16,56,'Esse quo voluptatem modi harum sit facilis. Et eaque perferendis quasi vitae cupiditate quas laboriosam ut. Et expedita consequatur ut mollitia. Eos non sit sint ipsa molestiae. Et voluptates libero maxime ad.',0,'2017-11-23 21:32:16'),(24,17,28,'Sunt et et magnam pariatur. Ut veniam non voluptas quia. Eius voluptate voluptates saepe quam.',0,'2001-09-02 23:06:04'),(25,24,15,'Voluptatibus aut et perferendis hic dolorem quis. Voluptatem animi numquam debitis dolorem consequatur ad nostrum. Et fugit nihil autem sapiente.',0,'1997-03-28 11:48:18'),(26,75,9,'Aut iste iusto rem. Vitae magni voluptatem ullam officia in suscipit itaque. Ad dolorum minima velit sequi animi officia aperiam harum. Sunt officiis eius at qui. Molestias temporibus velit mollitia provident numquam reiciendis dolor.',0,'2018-07-12 19:43:25'),(27,65,53,'Voluptatem reprehenderit debitis aperiam perferendis qui aut. Eius tempora quia recusandae eveniet omnis. Sit cumque quo at quia aliquid voluptas. Aut et omnis pariatur et optio perspiciatis atque velit.',0,'1978-01-19 21:41:40'),(28,31,29,'Ab sit et minima voluptatum provident quo. Voluptatum quaerat dolor perspiciatis nesciunt omnis sint. Occaecati nostrum porro a officiis ut. Tenetur consequuntur totam natus itaque eum assumenda repellendus.',0,'1998-03-21 00:59:55'),(29,7,44,'Consequatur porro qui eum velit eum distinctio delectus. In perferendis vel quam autem quisquam. Et nesciunt sequi labore. Commodi vitae eos accusantium.',0,'1972-09-27 05:25:18'),(30,30,55,'Exercitationem aspernatur alias recusandae tenetur voluptate. Et est assumenda vitae porro voluptatibus qui dolorem. Voluptas ipsum tempora delectus ut omnis ut minus.',1,'2017-05-16 04:16:02'),(31,87,89,'Est quam quis facilis dolores ut est ut. Repudiandae qui dolor voluptatem quam. Repellendus voluptatem in dicta minus et molestiae pariatur. Similique officiis alias dolorem sint temporibus debitis reiciendis.',1,'1974-05-01 18:31:21'),(32,55,39,'Ut voluptates voluptas velit tempore voluptatum dolore. Voluptas deleniti ea provident libero.',1,'1993-08-03 08:30:01'),(33,37,35,'Eos eius commodi veniam ut unde aperiam at. Quos et ipsum quidem.',1,'2004-07-25 07:24:02'),(34,93,96,'Vel odit consectetur ipsam laudantium cum. Qui sunt eum labore aliquam perspiciatis nostrum qui modi. Quo sed nostrum et tenetur. Vitae nam voluptatem dolorem eaque sed quae.',0,'2012-10-02 00:03:55'),(35,88,81,'Aliquid et perspiciatis placeat ut pariatur provident. Nulla quo natus rem distinctio sed voluptas.',0,'2002-09-01 17:55:02'),(36,27,9,'Ea consequuntur illo earum dicta suscipit. Sit possimus voluptates et saepe omnis. Expedita pariatur quam fugit et.',0,'1986-12-15 18:20:06'),(37,60,99,'Ad id et occaecati itaque quia harum facilis. Dolores velit earum facere velit officiis. Explicabo fugiat rerum voluptatem dignissimos. Qui ullam aut eum dolores explicabo culpa.',0,'1993-03-23 01:19:58'),(38,51,76,'Reiciendis voluptates itaque autem aut beatae. Non et tempore quia in beatae laborum. Natus ducimus error exercitationem molestias iure et.',1,'2016-10-30 04:51:37'),(39,55,68,'Voluptas id sit quisquam deleniti iusto consequatur. Sapiente sit qui est possimus in. Quia deserunt voluptas enim rem voluptas et aut enim.',0,'2011-04-01 18:26:48'),(40,3,78,'Sunt magnam ea corporis odio aut autem. Dolore possimus modi ut perspiciatis distinctio facilis. Libero illo quo soluta excepturi vitae doloribus.',0,'2005-04-13 13:03:23'),(41,82,78,'Distinctio minus non porro. Corporis eligendi est qui sed quia. Voluptatem voluptate sint nihil corrupti et.',1,'1986-09-27 04:10:28'),(42,87,47,'Sed recusandae occaecati voluptas laboriosam quibusdam sed impedit. Voluptatem molestiae cupiditate aut quis exercitationem. Et voluptatum assumenda non debitis corrupti velit perferendis. Ut corrupti quod dicta omnis consequuntur.',1,'1990-12-02 17:27:36'),(43,30,17,'Et et adipisci aut. Vero delectus perferendis velit et est rem nihil. Optio veniam ut sit ratione officia.',1,'1984-06-07 16:03:15'),(44,75,37,'Porro unde consequatur harum aperiam fugit voluptatem. Inventore distinctio ad voluptatem quis odio. Cumque iusto fugit tempora molestiae ut dolore.',1,'1992-07-04 17:40:00'),(45,61,5,'Laboriosam est fuga a dolorem molestiae. Quas aperiam nesciunt ratione cumque vitae qui incidunt. Beatae dolorum nihil culpa et laboriosam praesentium. Non soluta omnis omnis laborum voluptas qui dolores.',1,'1984-03-22 05:41:55'),(46,92,47,'Modi hic est eos voluptates ducimus doloremque sint. Similique odio pariatur quaerat natus. Et est quo doloremque dolore.',0,'1995-04-14 18:59:24'),(47,93,46,'Alias dolores quia repellendus maxime velit. Doloribus debitis dolores harum necessitatibus magnam sequi. Ipsa eum officiis dolorem ut deleniti enim. Asperiores nostrum repellat labore officiis.',1,'2008-05-10 08:59:32'),(48,86,29,'Dolorem neque dolores quis ea omnis. Nihil dolores officia maxime molestias. Dolorum labore earum laboriosam saepe.',1,'1994-11-04 12:19:49'),(49,81,79,'Optio vitae voluptatem distinctio quod omnis. Quis ea non inventore modi. Atque vel sit est. Porro ut et velit iure doloribus in fugiat.',0,'1984-11-17 17:08:37'),(50,25,68,'Ipsum tempore fuga tenetur libero adipisci. Cumque maxime laudantium officiis at. Dolorum officiis quos quaerat veniam maiores iusto.',1,'2010-10-04 11:40:49'),(51,59,52,'Nisi est illum quia a corporis quo. Culpa inventore corporis dolores soluta animi blanditiis. Iusto amet sapiente nihil laborum quasi. Perferendis qui eligendi voluptatem repudiandae ullam.',1,'1992-12-31 02:55:07'),(52,77,18,'Deleniti quia fugiat voluptas illo. Sit saepe officiis quia asperiores magni tempora unde. Explicabo et provident voluptas est voluptatem pariatur vitae tempora.',0,'2004-12-08 08:43:51'),(53,51,27,'Accusamus ut non velit aliquam accusantium perspiciatis. Cupiditate rerum accusantium atque cum blanditiis et distinctio occaecati. Repellat sint ullam velit delectus pariatur.',1,'1995-06-20 05:01:46'),(54,93,5,'Veritatis ipsum repellat ex nam veniam. Totam molestias sint provident dolor necessitatibus qui deleniti. Nihil autem omnis non ratione reprehenderit voluptatibus. Itaque temporibus cupiditate adipisci.',0,'1977-07-28 02:19:40'),(55,94,96,'Consequatur eum dolorem facilis. Unde aspernatur quia esse neque debitis minima. Eos vel commodi voluptatem et.',1,'2012-01-21 21:07:56'),(56,82,76,'Et qui voluptates consequuntur rerum est. Architecto ullam quod et non. Nostrum accusantium commodi neque inventore blanditiis ullam molestias voluptatibus.',0,'1993-01-11 22:26:10'),(57,73,69,'Tempore voluptas quia laboriosam minima veritatis ut quo dolor. Tempora aut ut itaque porro voluptas exercitationem ut laboriosam. Qui cum esse est exercitationem nemo animi. Iure repellat unde distinctio nihil aliquam quos.',1,'1973-10-31 02:47:26'),(58,23,3,'Quam et provident sint et veniam. Maxime sint voluptatum et eos. Pariatur est debitis laboriosam voluptates aliquam.',0,'2012-11-01 07:34:49'),(59,85,97,'Est itaque quae sint eum in est consequatur. Aliquam ad sunt minus repellat quis.',0,'1999-12-27 02:58:47'),(60,40,46,'Fuga praesentium eius consequatur est id magni. Dolor veniam nulla ex tempore possimus ducimus. Sit repudiandae omnis sapiente impedit ut nobis possimus. Sit harum necessitatibus aut ullam quas mollitia est.',0,'2006-07-03 10:42:28'),(61,2,31,'Aspernatur iste ut sit ad. Vero consectetur minima qui cumque laborum eos. Eum modi quod ipsum at quo. Cum neque delectus dolorem.',1,'1980-10-26 14:41:59'),(62,93,94,'Rerum reprehenderit et distinctio autem. Pariatur blanditiis laboriosam molestias rerum illo perspiciatis cumque. Id eos rerum voluptatibus ea. Aut fuga quia maxime qui quisquam. Sunt optio architecto ea deleniti ratione quia omnis.',0,'1973-11-20 20:52:09'),(63,76,78,'Eius distinctio dolorem debitis nemo eos. Dignissimos maiores qui cupiditate rerum omnis. Qui sapiente cum voluptas illo quod qui. Voluptas error impedit enim.',0,'1985-03-27 11:14:52'),(64,23,57,'Omnis est facere nisi tenetur itaque. Qui quis omnis est omnis. Deleniti autem sint nulla qui nemo. Ut qui quia qui doloribus sunt qui a.',1,'1997-10-27 12:59:57'),(65,56,48,'Inventore et at porro amet sed est quae. Rerum officiis in nemo id inventore quas. Quae aut qui voluptatum et doloremque quos explicabo. At quidem autem est ipsum id non id.',1,'1996-07-16 21:23:31'),(66,24,15,'Ut ipsum molestias illo nobis. Adipisci suscipit exercitationem ut sint voluptas maiores. Dolore vero consectetur quod ut facere libero. Delectus cum totam vero.',0,'2013-05-24 22:42:40'),(67,100,100,'Aut qui error odit consequatur impedit. Culpa commodi exercitationem ut blanditiis natus illo laudantium. Doloribus fugit non necessitatibus non facilis.',0,'1991-08-14 15:31:37'),(68,32,50,'Tempore quam iusto et reiciendis et aut omnis a. Consequatur rem eos commodi dolore voluptatem itaque omnis. Est dolores qui odit laborum. Molestiae quaerat voluptas quas ullam id et.',0,'1992-07-18 06:36:12'),(69,27,25,'Doloremque voluptas omnis est asperiores. Quia nisi reprehenderit sequi qui voluptatum quae accusamus. Ipsum ut porro in eos qui consectetur modi. Vel libero enim quis quibusdam sunt soluta illum.',0,'2006-12-09 08:13:41'),(70,54,21,'Sed quaerat laudantium rerum ex. Mollitia ut incidunt eaque dolorem consectetur velit. Nisi cumque et est aspernatur veritatis. Quod quia harum doloremque consequuntur blanditiis.',1,'1973-03-09 16:47:20'),(71,21,36,'Dolor sunt quia est. Vel voluptatibus voluptate perferendis. Nihil repellendus reiciendis ratione saepe fuga.',1,'2014-08-16 20:13:53'),(72,96,94,'Ipsum sit facilis ratione qui debitis nostrum. Qui ad molestias fuga quod expedita iure. Reiciendis et possimus sint nam. Nihil labore deserunt maiores ut reprehenderit qui est.',0,'2015-01-17 10:34:36'),(73,4,19,'Provident harum aut error libero alias quisquam. Velit labore et voluptas est quis. Sit incidunt facere sed animi consectetur.',1,'2006-05-22 04:07:27'),(74,96,89,'Nihil dolores officiis eius laboriosam reprehenderit voluptatem. Autem laborum fugit et numquam. Aut ut est ut soluta et voluptatem. Consequatur qui possimus accusamus.',0,'2015-12-09 13:54:58'),(75,16,35,'Dolores dolor unde molestiae explicabo dolor. Rerum perferendis vitae culpa asperiores nihil. Ut quis et amet id.',1,'1980-07-06 13:10:40'),(76,34,17,'Expedita dolore autem optio quia nihil voluptatum. Magnam fugit hic qui eligendi sit nulla. Voluptas praesentium veniam et nobis.',1,'1973-08-27 03:24:19'),(77,66,26,'Debitis consequatur in laborum perspiciatis. Tempore ut veniam minus rerum. In natus inventore et ea illum assumenda unde quidem. Tenetur odit quos eius magnam laudantium fugit aut architecto. Sit qui dolores alias.',1,'2004-11-21 13:08:13'),(78,10,41,'Corrupti fuga nostrum laboriosam nostrum molestiae vel tempore. Et blanditiis excepturi blanditiis cumque.',0,'2013-06-16 15:32:28'),(79,4,32,'Perspiciatis cum itaque ducimus recusandae. Quis quis nihil esse sit eos. Et maxime omnis nam deserunt eum quisquam rerum.',0,'1993-06-26 10:45:56'),(80,98,60,'Voluptatem est fuga voluptatum voluptatem repudiandae maxime libero. Cumque consequatur eveniet sed culpa voluptas eos doloremque. Voluptas vero esse atque nam. Voluptates nihil voluptates est expedita dolor totam beatae. Quos a facilis et consequatur omnis et rerum nobis.',1,'1983-06-27 07:43:58'),(81,80,21,'Vel sit velit quas consequuntur facere non qui. Voluptatem officia molestiae inventore quis. Quia sint voluptate in illum sint maxime beatae. Aut qui illo aut.',0,'1999-03-25 04:10:01'),(82,74,79,'Nihil temporibus pariatur debitis nostrum. Voluptatem sed eaque est. Consequuntur repellat est accusantium quasi debitis.',0,'2012-12-10 20:08:19'),(83,21,6,'Nostrum reiciendis est facere est. Cupiditate debitis similique praesentium aut iure. Ut iure vitae omnis reiciendis distinctio magnam. Quo impedit assumenda expedita autem molestias. Soluta repudiandae aliquam ea saepe voluptas rerum aliquam atque.',1,'1987-01-14 11:31:53'),(84,28,48,'Repudiandae molestiae sequi omnis blanditiis consequatur. Corporis perspiciatis tenetur quia reprehenderit blanditiis. Exercitationem quis est voluptatem laudantium. Similique nihil omnis quae voluptate.',1,'1981-11-17 20:53:07'),(85,31,81,'Fuga deserunt voluptatum a et aperiam. Aspernatur unde molestiae ea porro eaque. Laborum aliquid nostrum fuga qui.',0,'1993-01-01 05:00:57'),(86,68,51,'Rerum repellendus repellat commodi neque est qui tempore odit. Non commodi dolore ut temporibus nisi. Tempora mollitia et quis.',1,'2005-08-06 05:07:52'),(87,17,64,'Veritatis perferendis deserunt fugiat harum voluptatem. Fuga molestiae enim ad et eum aut amet. Sit repudiandae id exercitationem eaque rerum aut quisquam laborum. Velit error blanditiis aliquid quia quia omnis esse vero.',1,'2015-05-26 08:29:23'),(88,44,20,'Incidunt aperiam iste autem veniam facilis nesciunt impedit. Magnam nesciunt enim quo reprehenderit. Officiis consequatur quos quae nobis sit error voluptates quos. Explicabo ab et minima cum rem natus.',1,'1971-09-11 05:19:17'),(89,82,39,'Laudantium aut vero debitis eveniet qui dignissimos. Dolor delectus voluptatem animi quas et illum. Tempore aut blanditiis est nihil eveniet sequi iusto. Molestiae sed provident delectus veniam sit earum.',1,'1997-07-07 17:15:49'),(90,9,97,'Excepturi rerum reiciendis a qui iure et. Tenetur itaque modi incidunt qui quia soluta. Cum dolorum placeat velit veniam aut.',0,'1997-02-05 03:26:40'),(91,74,42,'Blanditiis veniam ratione quos deserunt. Dicta cupiditate qui impedit ut voluptates nam. Rem ut nemo quia aperiam accusamus qui.',1,'1994-01-06 13:29:43'),(92,14,39,'Consequatur nesciunt debitis id incidunt magnam rerum sed saepe. Consequuntur ipsum et optio dolores aperiam incidunt quia. Doloribus vitae occaecati aspernatur numquam vel eligendi incidunt. Ut sit reprehenderit vel rerum itaque et.',1,'2019-07-05 20:02:07'),(93,68,23,'Quibusdam iste mollitia animi qui. Omnis provident quam vel sed voluptatem modi quidem optio. Repellendus consequuntur ea et quis necessitatibus ut quae atque.',0,'2015-08-17 23:22:48'),(94,80,72,'Expedita fugit cupiditate ut rerum veritatis cupiditate id. Vitae a ut odit sunt eum veniam porro. Sit ab maxime quam a vel.',0,'1975-02-07 14:05:57'),(95,55,77,'Commodi enim recusandae culpa. Eius similique rerum mollitia labore repudiandae dolorem tempora. Sunt et non numquam et in. Dolorem ut labore voluptates rerum.',0,'1977-05-05 07:01:55'),(96,31,34,'Vel voluptatem voluptatem eos vel. Nisi repellat mollitia possimus dolores nisi deserunt et. Itaque sapiente ex molestias quis consequuntur. Dolores maiores nostrum ex dolorem autem dolores quidem similique.',0,'1979-10-14 17:12:11'),(97,98,4,'Placeat quis quisquam numquam voluptas culpa quibusdam. Voluptas necessitatibus voluptatibus qui voluptas maxime velit. Consequatur id vel deserunt alias nesciunt corporis. Et est aspernatur earum incidunt dolore perferendis cumque dolor. Consequuntur eum et laudantium eos eos.',0,'2007-06-26 07:46:33'),(98,12,19,'Illum tenetur quis et dicta amet doloremque quia cumque. Rerum neque et nihil reiciendis. Corrupti consectetur minus iusto vel id veritatis corporis.',1,'1986-10-09 17:35:54'),(99,10,40,'Dolores suscipit corporis unde eligendi sint commodi eaque vel. Mollitia quo tempore dolorem unde rem tenetur. Vel aut nisi molestiae cupiditate recusandae. Enim et porro maxime quia.',0,'2004-02-17 12:27:20'),(100,67,40,'Voluptatem velit sapiente non dolores officiis. Qui doloribus rem neque culpa qui aut voluptatem necessitatibus.',0,'1987-11-29 02:18:50');
/*!40000 ALTER TABLE `messages` ENABLE KEYS */;
UNLOCK TABLES;

--
-- Table structure for table `photos`
--

DROP TABLE IF EXISTS `photos`;
/*!40101 SET @saved_cs_client     = @@character_set_client */;
/*!50503 SET character_set_client = utf8mb4 */;
CREATE TABLE `photos` (
  `id` bigint unsigned NOT NULL AUTO_INCREMENT,
  `user_id` bigint unsigned NOT NULL,
  `file_name` varchar(250) DEFAULT NULL,
  `description` text,
  `created_at` datetime DEFAULT CURRENT_TIMESTAMP,
  PRIMARY KEY (`id`),
  UNIQUE KEY `id` (`id`),
  KEY `user_id` (`user_id`),
  CONSTRAINT `photos_ibfk_1` FOREIGN KEY (`user_id`) REFERENCES `users` (`id`)
) ENGINE=InnoDB AUTO_INCREMENT=101 DEFAULT CHARSET=utf8mb4 COLLATE=utf8mb4_0900_ai_ci;
/*!40101 SET character_set_client = @saved_cs_client */;

--
-- Dumping data for table `photos`
--

LOCK TABLES `photos` WRITE;
/*!40000 ALTER TABLE `photos` DISABLE KEYS */;
INSERT INTO `photos` VALUES (1,96,'sed','Magnam ipsam quas sed dolores. Excepturi ea quasi at sequi tempore ea sequi maxime. Id corporis expedita maxime ut corporis fugiat. Dolorem sed quidem voluptates exercitationem id.','1974-07-26 12:27:46'),(2,17,'odio','Neque molestiae exercitationem ea consequatur mollitia ea. Vel aperiam ab quidem. Voluptatem voluptatem ut ex doloribus. Ipsam sed deleniti magnam et qui.','1980-04-23 11:29:29'),(3,25,'vel','Nemo officia enim laboriosam alias atque alias. Inventore voluptas magni non expedita. Aliquid eveniet voluptas corrupti in a ratione sequi.','1983-11-30 17:35:26'),(4,16,'soluta','Voluptatem dicta et voluptas. Ut dolor quaerat omnis exercitationem odit. Impedit autem delectus vero sunt. Labore dolorum debitis consectetur et consequatur cum.','1973-05-26 23:48:49'),(5,100,'accusamus','Accusamus et dolorem asperiores eum consequuntur. Tenetur quaerat perspiciatis omnis et molestiae placeat. Dolores laudantium laboriosam soluta blanditiis nisi. Dolores facilis sit quae consectetur nihil sed quia.','2003-09-22 08:22:45'),(6,71,'est','Debitis cum velit animi delectus sit et. Ut dicta officia quis perferendis incidunt maiores. Unde eligendi laborum blanditiis enim dolor mollitia reprehenderit dolor.','1998-09-17 02:24:54'),(7,93,'nam','Similique nihil nam incidunt quia quisquam dolorum aut. Accusamus deserunt eveniet accusamus qui qui quod. Quisquam doloribus eos est ut iste maiores assumenda. Commodi eligendi cupiditate eveniet dolorem.','1997-07-14 10:20:25'),(8,50,'voluptatem','Molestiae qui aut aspernatur assumenda rem est accusantium. Aut nihil quos aut dolores qui numquam. Eum tempora aliquid provident voluptate animi est enim necessitatibus. Quo quaerat sit aliquid necessitatibus molestias et quidem.','1978-06-18 21:34:37'),(9,87,'sint','Non reiciendis aperiam sit. Veritatis vero ducimus quam architecto deserunt. Et illo officia distinctio cum officiis cum. Omnis reiciendis accusantium rem repudiandae consequuntur minima.','1985-03-09 04:51:09'),(10,57,'similique','Maxime expedita nihil beatae culpa ut debitis. Sint aut voluptatem sit. Est incidunt est impedit incidunt pariatur aspernatur voluptatibus. Hic maiores aut quibusdam.','2013-10-17 00:52:09'),(11,80,'est','Fugit sed fuga illo in magni non eos. Non dignissimos rem voluptatum odio. Enim aut ipsam sit ut.','1993-01-18 18:18:20'),(12,79,'laboriosam','Aliquam veniam nobis tempore minus repellat voluptatem harum quo. Quae eveniet molestiae repellat rerum quae. Ad magnam voluptatem aut pariatur quo. Voluptas culpa dignissimos est sint. Occaecati dignissimos vel harum magni dignissimos.','2010-10-08 00:01:43'),(13,10,'quaerat','Ut ut voluptatibus error. Voluptatem aperiam optio molestiae qui nobis ut. Suscipit dolores maxime debitis.','2001-08-24 13:37:53'),(14,7,'possimus','Optio illo commodi amet commodi reiciendis enim. Reiciendis ab fugit laudantium qui quibusdam tenetur pariatur. Magni similique rerum consequatur.','2007-04-05 05:16:51'),(15,56,'reprehenderit','Minus omnis cumque nam officiis velit dolorum sint. Dicta aspernatur aliquid voluptas est a ea. Quae vel vel eos qui. Tempora pariatur quo aut facere voluptates repellendus.','1996-08-02 12:11:58'),(16,78,'quia','Quia atque sed fugit quae sequi velit rerum molestiae. Est in ea autem eum amet nam. Esse qui culpa quod blanditiis totam eveniet pariatur. Vero sed omnis est voluptatibus dolor aut odit laboriosam.','1972-06-06 05:46:34'),(17,27,'voluptatem','Alias facilis maiores voluptate quis. Qui iure officia qui reiciendis in.','2011-08-11 02:19:14'),(18,75,'consequatur','Sunt maxime quaerat minima corrupti vel aliquam. Corporis enim voluptatem esse nobis ipsam aut ea commodi. Voluptatem assumenda quam perferendis molestiae ipsum.','1993-07-09 15:24:05'),(19,57,'qui','Et voluptates corporis earum et voluptatem quod expedita. Qui accusantium ducimus et officia dignissimos voluptatem. Omnis vel nesciunt et ea voluptatum rerum odit sint. Iusto facere laborum quas est.','2005-11-27 17:56:03'),(20,56,'quisquam','Nihil beatae et soluta pariatur minus in ratione voluptas. Totam veniam sunt reprehenderit odit. Beatae architecto omnis accusamus ducimus eveniet totam quo.','1988-03-02 12:14:15'),(21,89,'culpa','Ea voluptas quod autem delectus iusto sequi. Neque qui ut deleniti aut dolorum eius. A maiores aspernatur dolor et sit harum nostrum.','1993-01-19 17:26:36'),(22,73,'dolorem','Velit rerum sit voluptate doloremque sit aut. Excepturi voluptate eius eligendi possimus quisquam. Voluptatibus laudantium sit aut.','1986-06-13 17:39:15'),(23,94,'non','Qui non et rerum rerum. Assumenda et et sit maxime quia ut saepe culpa. Aut architecto nisi et et modi ea ut quod.','1982-05-27 05:06:08'),(24,67,'dolores','Autem hic unde cum. Itaque rerum saepe dolor sit optio dicta omnis maxime. Rem voluptatem et aspernatur quis. Eos commodi quidem sapiente eos ut.','1990-12-20 12:32:42'),(25,91,'itaque','Ad quidem dolores fugiat placeat autem. Tempora officiis saepe tempora eius voluptatum. Reiciendis iure quaerat neque.','2018-01-04 08:47:25'),(26,23,'corrupti','Et repellendus voluptas repudiandae et. Qui aut perferendis suscipit explicabo maxime ut.','2004-09-20 20:12:28'),(27,60,'accusamus','Adipisci qui quod aut. Nulla laudantium possimus ut nesciunt minus. Nesciunt aliquid molestiae animi aut. Et velit consequatur sit alias dolores.','1998-08-22 03:39:07'),(28,94,'nam','Aut magnam corrupti voluptatibus molestias hic. Impedit aut qui eum rerum tenetur voluptas et voluptas. Magnam aut molestiae ut laboriosam.','2011-06-14 19:37:52'),(29,89,'eum','Deserunt aut laborum velit impedit. Nesciunt sequi autem error est accusamus magnam quibusdam laborum. Provident quas deleniti sequi consequatur id eius. Aperiam et omnis vitae non alias qui odio. Non quia recusandae qui.','2003-10-24 12:28:44'),(30,64,'facilis','Quia corrupti esse quia suscipit incidunt mollitia vitae rerum. Ut et doloremque et suscipit quis. Aliquam qui odit voluptatum non nihil dignissimos deserunt.','2017-06-14 12:50:47'),(31,45,'consequuntur','Omnis eaque ut labore non. Adipisci ex vel vel facilis. Qui rem libero molestiae quo sed. Omnis dolorum omnis magni.','2012-05-23 17:24:03'),(32,84,'maxime','Reiciendis ut voluptas animi. Non error praesentium atque eaque accusamus. Repellendus veritatis aspernatur nisi fugit animi in.','1971-11-09 00:46:40'),(33,80,'qui','Ipsam sint fugit sapiente ut non. Voluptatum labore id voluptates deleniti quisquam quisquam consectetur. Nam aut rem possimus consequatur dolor aut perspiciatis alias. Et officiis deleniti laboriosam. Dolores enim sunt autem.','1979-01-20 03:46:15'),(34,70,'quod','Et fugit sapiente omnis sint enim. Necessitatibus cum temporibus id ut quo. Aut aliquam aut mollitia quo ad. Illo aut quia alias quia amet error cum.','2015-12-16 19:20:15'),(35,100,'eos','Facilis voluptatem et perspiciatis soluta iste incidunt iure. Natus nisi id nihil dolor fuga occaecati at. Eos autem id nostrum quis deleniti sed sapiente.','2016-08-17 17:06:39'),(36,80,'exercitationem','Architecto quisquam reiciendis vel earum qui et dolorum. Consectetur est qui autem natus corrupti id. Inventore aperiam dolorem voluptatum dolorem libero quasi vero.','1976-03-21 12:13:35'),(37,40,'occaecati','Qui ea non iusto distinctio. Exercitationem ut impedit molestias voluptatem nobis et. Corrupti ut officia consequatur impedit rerum eos saepe. Perspiciatis illum aut vel et omnis aut.','2008-05-14 09:26:28'),(38,92,'quia','Dolores sed consequuntur aperiam omnis placeat. Illo assumenda labore quod quos delectus consectetur dolores maiores. Sapiente eligendi sint esse et officia porro.','2002-10-25 18:43:45'),(39,30,'minus','Porro assumenda et id nulla. Reiciendis corporis sunt ipsum libero. Itaque deserunt maiores aperiam commodi sapiente iure. Dolore optio officiis dolore quibusdam culpa inventore.','1973-04-26 06:02:12'),(40,27,'placeat','Dolore molestias unde facere perferendis aut libero. Sed reprehenderit ut officiis vero expedita non. Ad cumque numquam saepe eaque est. Deserunt ut est vero non repellendus dolores.','1992-11-28 07:55:11'),(41,49,'velit','Praesentium omnis qui quia pariatur. Distinctio molestias voluptas magnam quia delectus.','1977-03-26 17:53:42'),(42,9,'recusandae','Magni error unde consequuntur aut eum excepturi. Excepturi quas architecto molestiae eius a commodi quisquam voluptas. Explicabo quidem suscipit tempore sed.','1992-03-23 09:33:39'),(43,6,'voluptas','Modi in vel ipsa sed. Exercitationem eum commodi blanditiis voluptatum non vel. Voluptatem laborum quisquam fugiat dolore alias aut sit. Numquam a nisi dolores ut dolorem.','1998-05-25 07:06:23'),(44,58,'inventore','Ipsam aliquid accusamus facilis nulla consectetur debitis sit. Eaque aut atque non. Vel molestiae consequatur corporis ipsam unde iure eos.','1990-01-03 16:49:24'),(45,16,'aut','Molestias rerum corporis et facere velit aliquam. Laboriosam unde amet id velit. Et quia necessitatibus molestiae doloribus voluptas rerum.','1994-09-24 20:33:59'),(46,61,'dignissimos','Enim qui sit ea reprehenderit. Itaque reprehenderit ut et doloribus et non. Et atque autem impedit dolores iusto. Et sed consequatur quis aliquid in qui.','2003-08-18 19:32:18'),(47,36,'ipsam','Itaque blanditiis ipsa magni quis qui. Sunt et fuga et qui et et vel aut. Autem molestias temporibus quam omnis magni at ut doloremque. Deserunt deleniti commodi non autem.','1984-07-07 22:56:51'),(48,42,'voluptates','Veritatis placeat eos fugiat sit voluptatem qui. Inventore vel dolor qui. Temporibus ut tenetur aut. Expedita dolor natus iste sunt nemo ducimus nisi.','1973-04-27 10:53:02'),(49,36,'nihil','Eos iste aut consequatur provident eaque inventore magni. Eius necessitatibus sint quia quia.','1970-12-21 15:35:36'),(50,92,'mollitia','Adipisci doloribus quia autem et nobis. Et ipsam reprehenderit ut nesciunt explicabo quo maiores laudantium. Non velit voluptatum esse illo voluptatibus mollitia esse alias. Occaecati consectetur similique vel sequi nam ut totam.','1971-06-13 12:38:29'),(51,97,'aut','Dolorem voluptatibus eos consequatur dolores. Amet inventore dolorum aspernatur iste libero explicabo. Voluptatem totam porro ipsam temporibus eaque. Ut omnis maxime perspiciatis commodi aspernatur voluptatem animi sit.','1989-12-11 08:17:05'),(52,25,'blanditiis','Molestiae in dolorem numquam quia a unde mollitia. Vel a magnam aut ut distinctio vitae. Itaque quis officiis qui aspernatur nostrum nesciunt eum omnis.','2011-03-11 08:59:08'),(53,65,'iure','Vitae quis itaque ea autem est in eaque qui. Nihil nam repellat et voluptatum. Nulla assumenda culpa molestiae animi reprehenderit accusamus quia.','1996-05-20 17:02:43'),(54,90,'numquam','Reiciendis omnis voluptates nulla quod. Harum et et quo tempore.','1996-08-30 09:24:27'),(55,92,'sed','Tempora est quam veritatis molestiae iure adipisci ipsa tempora. Eaque minima perferendis aspernatur eum nam in. Sint enim corrupti qui eum quo voluptatem dolore.','1991-05-16 10:43:12'),(56,55,'incidunt','Modi est ut et dolorum quas quam. Dolore nobis molestias quam sed earum aspernatur explicabo. Voluptatum deserunt libero sed velit velit iure ut repudiandae.','1974-04-07 07:11:22'),(57,13,'assumenda','Occaecati facilis dolores deleniti velit deserunt dolorem officia id. Exercitationem quia maiores autem cum velit saepe. Deleniti laudantium odit repellendus perspiciatis. Sed quidem sunt animi in neque dolor animi quia. Sequi eum dolores et ratione rerum aperiam facere est.','2017-06-25 20:31:01'),(58,51,'soluta','Est itaque rerum quo aliquam harum. Deleniti ut et provident corporis pariatur. Modi eveniet in est possimus sit vel ut. Vel molestiae consequuntur aliquid qui rem aut et.','2015-07-03 20:05:52'),(59,49,'tempore','Ullam quia temporibus iusto amet. Sequi recusandae dolor aut. Cum quia sit laudantium quo sint ratione. Quia architecto dolores qui quo numquam sed.','1992-02-05 14:37:16'),(60,1,'quis','Debitis deleniti magnam voluptatibus et tempora. Ducimus voluptas qui architecto delectus quia corporis odio. Quis doloremque in nemo corrupti qui cum itaque. Voluptas commodi quia veritatis.','1974-03-06 20:25:41'),(61,14,'ducimus','Officia autem necessitatibus dolor eum. Nemo qui praesentium similique odio dolore. Reprehenderit repellat est eaque voluptatibus consequatur tenetur.','2007-01-31 10:24:16'),(62,93,'rerum','Rerum quas ut nisi aut et expedita. Facilis aspernatur est sit vitae animi quidem.','1997-12-25 00:23:45'),(63,85,'quo','Voluptas molestias excepturi voluptatem non nihil a. Quia quia nulla adipisci officia vitae. Maiores culpa error aut velit cumque quis.','2019-05-08 06:09:04'),(64,94,'explicabo','Fugiat et repudiandae veniam aut. Minima facere fugit voluptatem aut dignissimos repellendus aspernatur. Velit est debitis consectetur assumenda. Nobis deleniti voluptas velit est commodi.','2012-07-19 21:55:23'),(65,62,'culpa','Et aut aut aliquam quisquam dolorem debitis iste. Numquam veritatis sint consequuntur exercitationem hic dolor. Et sit corrupti a aut ut est. Numquam velit repellat facilis maiores sit qui sit.','2008-01-04 15:48:34'),(66,84,'et','Labore nobis a quisquam earum aut dolores sunt. Quibusdam quisquam cumque quidem voluptatibus et dignissimos. Quia unde aut consequatur voluptatem debitis.','2009-11-05 18:18:29'),(67,73,'qui','Debitis magnam expedita consectetur nesciunt. Beatae ex alias ipsam necessitatibus. Aut aut eius animi nobis amet.','2010-04-13 23:06:40'),(68,2,'aut','Sed eligendi voluptatem perferendis est qui officia. Perspiciatis magnam libero mollitia et. Rerum eum velit qui.','2016-11-19 16:54:23'),(69,76,'dolor','Tempore eveniet commodi quisquam et perspiciatis odio reiciendis. Quia vel et consectetur voluptatem sed officia. Voluptatibus est quis enim. Odit quia dicta omnis.','2002-04-22 04:24:13'),(70,2,'placeat','Quibusdam repellat quia fugiat harum ut culpa explicabo eum. Eligendi veniam sit et doloribus error excepturi. Exercitationem aut dolores dolor natus magnam consequuntur.','1980-12-26 17:43:02'),(71,29,'rerum','Aut nesciunt nulla nihil eos. In nulla debitis quibusdam vel ex et. Aut optio quaerat quisquam enim reiciendis.','1992-07-04 18:52:33'),(72,24,'autem','Voluptatibus necessitatibus et voluptatem tempora velit laborum sit autem. Quod nulla omnis occaecati sunt unde id in et. Est dolor velit vel tempora quis. Ipsam modi sit saepe pariatur voluptas consequatur.','2001-05-20 11:58:33'),(73,11,'quia','Corporis quos nesciunt et voluptatem impedit tempore. Esse blanditiis explicabo omnis.','1985-05-01 14:46:15'),(74,34,'sint','Ullam quas voluptate fugit similique sed recusandae nesciunt voluptas. Tempora placeat qui reiciendis dolorem. Nemo libero eveniet earum suscipit.','1976-10-12 01:38:05'),(75,82,'est','Voluptatum est autem at in aut. Numquam est qui ducimus quaerat ad minus. Et impedit aut amet asperiores corrupti culpa ratione. Qui eligendi natus eum aspernatur quo ad.','1996-10-03 16:08:58'),(76,26,'quam','Consectetur fugit tempore et nihil sit. Quibusdam et vel maiores. Ut provident molestiae in aut. Iste sed sit et doloribus.','1984-01-25 21:57:48'),(77,95,'hic','Error ut quas molestiae eaque. Incidunt iste neque quo dolorem ipsam. Et nihil assumenda voluptas repudiandae.','1982-03-11 07:16:33'),(78,17,'tempora','Et porro quis eius omnis et. Qui eveniet iure saepe. Debitis pariatur explicabo velit doloribus. Delectus dolorum voluptas nostrum hic eveniet laboriosam qui voluptas.','2018-12-14 10:04:42'),(79,68,'in','Et omnis reiciendis facilis ducimus autem aut architecto harum. Vitae voluptas non ut dolores ea nemo. Voluptatum unde dolores ab eius et eum.','1986-07-19 13:34:58'),(80,30,'ut','Similique placeat laboriosam numquam in. Iure repudiandae voluptatem tenetur nam.','1991-07-11 05:21:35'),(81,8,'non','Repellendus ipsa facere et ipsa beatae ea. Ut nemo est soluta autem. Ullam qui nihil a aut ea error sit.','2017-03-23 16:09:09'),(82,64,'tempore','Fuga recusandae vero ullam. Quam reprehenderit ratione eaque porro eveniet ad qui. Ut quis ipsam corrupti in soluta.','1991-05-27 14:46:54'),(83,54,'explicabo','Nostrum magnam exercitationem unde et. Quia autem inventore libero illo repellendus doloribus. Ut tempore molestiae id occaecati nihil fuga perferendis quibusdam.','1973-02-05 18:54:23'),(84,72,'cumque','Aut eveniet qui est reiciendis id autem alias est. Modi itaque fugit cumque.','2003-04-19 03:15:03'),(85,54,'mollitia','Sequi deserunt qui non omnis quam velit. Amet ut deserunt et sint nobis. Et omnis est quis explicabo fugit animi. Iusto ut sunt occaecati nihil voluptas.','2003-11-18 10:52:42'),(86,45,'vero','Perferendis laborum ratione quia provident quidem quasi ipsa impedit. Cupiditate aut praesentium dolor doloribus sapiente nulla laborum fuga. Alias accusantium non velit corrupti aliquid voluptas provident. Quasi et vero itaque id sunt minima assumenda. Reiciendis qui eius sequi eum adipisci rerum beatae omnis.','1982-02-19 18:47:30'),(87,27,'repudiandae','Nesciunt vel in iure et. Corrupti aliquam accusamus expedita aperiam quod exercitationem. Vel quia ut ex facilis porro nam vero. Nesciunt soluta provident neque culpa reiciendis et commodi rerum.','1977-11-23 20:48:34'),(88,66,'corrupti','Nisi velit quos earum nihil ad ab. Eum quos repellat voluptatibus laborum. Voluptatibus fuga est et ea. Voluptatem fugit soluta eum libero eligendi laudantium eveniet.','1971-05-05 09:18:50'),(89,96,'laudantium','Error sunt perferendis tempora nesciunt illo repellat. Et tempora molestiae ipsum dignissimos. Sint atque reprehenderit id voluptatem similique.','2020-02-10 17:21:53'),(90,75,'reprehenderit','Nihil occaecati sit quasi dolor quis dignissimos. Et explicabo accusamus error voluptas alias porro ut. Est reiciendis amet natus.','2017-08-24 09:01:56'),(91,66,'laudantium','Assumenda itaque id et nihil error doloremque quo dolor. Aut cum in explicabo atque. Ad tenetur ipsa dicta veniam voluptatem voluptas excepturi. Voluptas non suscipit nostrum iusto aut doloremque sint velit.','1984-11-14 11:37:20'),(92,10,'voluptas','Alias perspiciatis minima qui modi vitae voluptas voluptates. Blanditiis officiis ullam culpa labore illo ullam qui.','2005-02-22 08:34:05'),(93,68,'repudiandae','Exercitationem ut at necessitatibus deleniti necessitatibus numquam. Sit placeat quaerat dolorem quibusdam ab est quia. Autem est occaecati sapiente et fuga est.','2018-04-21 19:04:14'),(94,50,'adipisci','Mollitia id nostrum minus deserunt quaerat. Ipsam at delectus et inventore. Accusamus excepturi error quia enim reprehenderit omnis.','2000-05-05 17:33:16'),(95,4,'error','Similique doloribus doloribus aliquam laudantium modi sed. Enim consequuntur consequatur sit qui possimus. Qui inventore autem sit libero et. Commodi minima dolorum amet.','2012-03-18 20:47:47'),(96,30,'quaerat','Quam consequatur in ducimus quidem dolor et. Repudiandae minima non voluptas qui numquam est. Ex omnis nihil nihil.','2001-09-29 01:15:01'),(97,34,'ratione','Ducimus modi veritatis voluptas voluptas rem corporis. Atque officiis vel reiciendis. Et eum eos est ea est earum.','1990-10-24 03:28:46'),(98,76,'quia','Qui facere culpa velit non est neque aliquam. Autem et hic a itaque corporis qui. Eos autem vel veritatis dicta minus corporis voluptatum. Laborum cupiditate veritatis sapiente voluptas.','1993-05-15 11:26:22'),(99,31,'quis','Maiores sit unde qui eos accusantium excepturi accusamus. At et perferendis atque incidunt dolorem autem fugit et. Consequatur enim ut rerum quo minima. Rem perferendis corrupti error est dignissimos commodi porro.','1984-08-12 06:06:57'),(100,9,'fuga','Soluta qui voluptas eos deserunt repellat et vel ut. Dicta placeat ut voluptate et. Distinctio accusantium facilis nemo ratione laudantium fugiat nihil.','1978-05-04 11:16:15');
/*!40000 ALTER TABLE `photos` ENABLE KEYS */;
UNLOCK TABLES;

--
-- Table structure for table `photos_likes`
--

DROP TABLE IF EXISTS `photos_likes`;
/*!40101 SET @saved_cs_client     = @@character_set_client */;
/*!50503 SET character_set_client = utf8mb4 */;
CREATE TABLE `photos_likes` (
  `from_user_id` bigint unsigned NOT NULL,
  `photos_id` bigint unsigned NOT NULL,
  `is_like` tinyint(1) DEFAULT NULL,
  PRIMARY KEY (`from_user_id`,`photos_id`),
  KEY `photos_id` (`photos_id`),
  CONSTRAINT `photos_likes_ibfk_1` FOREIGN KEY (`from_user_id`) REFERENCES `users` (`id`),
  CONSTRAINT `photos_likes_ibfk_2` FOREIGN KEY (`photos_id`) REFERENCES `photos` (`id`)
) ENGINE=InnoDB DEFAULT CHARSET=utf8mb4 COLLATE=utf8mb4_0900_ai_ci;
/*!40101 SET character_set_client = @saved_cs_client */;

--
-- Dumping data for table `photos_likes`
--

LOCK TABLES `photos_likes` WRITE;
/*!40000 ALTER TABLE `photos_likes` DISABLE KEYS */;
INSERT INTO `photos_likes` VALUES (3,21,1),(5,83,0),(6,76,1),(10,14,1),(10,65,0),(11,50,0),(13,67,0),(16,47,0),(17,7,0),(17,36,0),(18,92,1),(20,5,1),(23,2,1),(26,23,0),(30,20,0),(30,79,0),(32,1,0),(36,40,0),(42,4,0),(42,74,0),(44,2,0),(45,53,1),(45,69,0),(47,66,1),(53,79,0),(60,11,0),(62,40,1),(63,1,0),(64,26,0),(67,31,0),(68,45,0),(69,62,0),(69,73,0),(72,27,0),(72,95,0),(76,55,1),(76,90,1),(78,13,0),(79,19,1),(79,48,0),(80,27,1),(82,4,1),(84,56,0),(86,6,1),(86,19,0),(87,11,0),(87,41,0),(89,21,1),(93,29,1),(95,35,1);
/*!40000 ALTER TABLE `photos_likes` ENABLE KEYS */;
UNLOCK TABLES;

--
-- Table structure for table `posts`
--

DROP TABLE IF EXISTS `posts`;
/*!40101 SET @saved_cs_client     = @@character_set_client */;
/*!50503 SET character_set_client = utf8mb4 */;
CREATE TABLE `posts` (
  `id` bigint unsigned NOT NULL AUTO_INCREMENT,
  `user_id` bigint unsigned NOT NULL,
  `body` text,
  `metadata` json DEFAULT NULL,
  `created_at` datetime DEFAULT CURRENT_TIMESTAMP,
  `updated_at` datetime DEFAULT CURRENT_TIMESTAMP ON UPDATE CURRENT_TIMESTAMP,
  PRIMARY KEY (`id`),
  UNIQUE KEY `id` (`id`),
  KEY `user_id` (`user_id`),
  CONSTRAINT `posts_ibfk_1` FOREIGN KEY (`user_id`) REFERENCES `users` (`id`)
) ENGINE=InnoDB AUTO_INCREMENT=101 DEFAULT CHARSET=utf8mb4 COLLATE=utf8mb4_0900_ai_ci;
/*!40101 SET character_set_client = @saved_cs_client */;

--
-- Dumping data for table `posts`
--

LOCK TABLES `posts` WRITE;
/*!40000 ALTER TABLE `posts` DISABLE KEYS */;
INSERT INTO `posts` VALUES (1,8,'Explicabo doloribus quasi sequi voluptatem qui deserunt molestiae alias. At beatae maiores cupiditate totam distinctio corrupti. Sapiente consequatur voluptatibus et voluptatem aut quibusdam quo. Eos voluptatem provident natus aliquam vel.',NULL,'2011-04-12 03:07:49','1986-09-26 17:05:27'),(2,33,'Provident est itaque velit qui eos est. Tempora omnis tenetur exercitationem unde nulla optio rem. Ut et molestiae iusto et quos eligendi corrupti. Occaecati labore quasi magnam iure ad.',NULL,'1980-11-18 19:31:32','2017-02-09 11:39:01'),(3,17,'Incidunt iusto fuga sapiente sapiente. Voluptatem deleniti veniam ducimus non excepturi nihil itaque. Ea explicabo molestias atque voluptatem dolores. Nihil laborum beatae eaque sed dolores.',NULL,'1971-03-05 07:12:53','1979-12-21 00:52:35'),(4,49,'Et dolorem sunt rem delectus consequatur. Recusandae ad omnis iste quisquam dolorem qui deleniti. Consequatur modi quaerat ut. Ex modi impedit quia. Eos officia aliquam dolore repudiandae voluptatem soluta sint.',NULL,'2000-10-03 23:37:14','2008-01-31 04:52:38'),(5,58,'Nostrum distinctio velit rem similique. A laudantium tempora itaque deleniti consectetur. Distinctio assumenda delectus esse natus. Et cumque inventore eum est repellendus in dolores.',NULL,'1992-01-22 19:39:10','2016-02-18 20:47:04'),(6,74,'Accusantium eos quis perferendis atque quaerat voluptate. Vitae est officia deserunt non qui in temporibus. Alias et amet fugit vel.',NULL,'1998-01-30 21:07:11','1987-03-13 08:28:42'),(7,73,'Ut magni et inventore laudantium rerum. Voluptatem et delectus ut placeat nisi. Est at accusantium dolor accusamus corrupti ut autem.',NULL,'2007-12-22 13:19:48','1995-07-12 06:48:40'),(8,92,'Ducimus omnis beatae omnis velit vel. Sunt quo vitae sed assumenda harum unde. Expedita enim consequatur sed rerum.',NULL,'1993-05-18 01:31:12','1989-03-13 10:43:59'),(9,87,'Minima nihil nostrum delectus assumenda numquam hic. Nostrum necessitatibus veniam incidunt vel neque adipisci cumque nobis. Animi ex harum omnis porro.',NULL,'1976-07-11 15:36:23','2011-04-23 14:06:54'),(10,62,'Exercitationem quo distinctio molestiae vitae. Ut assumenda sit perferendis ab sequi sunt repudiandae. Libero velit perferendis eaque eos at voluptas ex. Ducimus quisquam autem sed. Sit et rerum consequatur consequatur velit sint sit.',NULL,'1999-01-11 20:15:49','1977-12-21 23:57:49'),(11,71,'Voluptatem nostrum voluptatem laudantium ea. Nemo sapiente ad dignissimos quod. Hic maiores ex velit ea mollitia. Minus vitae quas numquam temporibus voluptatem eveniet architecto.',NULL,'2016-05-17 03:55:26','2016-06-08 11:56:43'),(12,73,'Blanditiis quae blanditiis et odit qui harum. Corrupti natus facere quia vel non sapiente. Eveniet ex libero ducimus expedita inventore aut.',NULL,'2000-02-03 05:45:34','1983-01-03 23:28:19'),(13,83,'Quibusdam maxime dolor qui dolor. Quia in perspiciatis nihil libero aut aut aut.',NULL,'2002-07-02 15:43:21','1992-06-07 12:48:07'),(14,85,'Asperiores doloribus magnam voluptatem quis id. Qui ipsum expedita ullam tempora nisi quos eum fuga. Exercitationem dolores veniam similique soluta necessitatibus.',NULL,'1991-12-23 08:09:24','2001-12-14 02:02:59'),(15,70,'Commodi qui occaecati praesentium esse error alias commodi. Illo nostrum expedita placeat laudantium natus nisi qui. Laboriosam quas sequi velit aut laudantium. Asperiores commodi voluptatem ducimus dignissimos nihil adipisci reprehenderit.',NULL,'1986-03-29 17:56:58','2003-04-26 18:22:17'),(16,78,'A harum eum dolores aut qui quo nam id. Consequatur laborum sunt ex maxime temporibus eligendi omnis vel. Molestias cum ad eos accusantium sunt.',NULL,'1983-11-08 10:28:19','2001-06-17 05:45:54'),(17,30,'Ex maxime quis consequatur dolorem ea eligendi laborum. Voluptas quaerat mollitia aut est repudiandae. Recusandae voluptatem rerum quia maxime sequi. Numquam quia modi modi ut repellendus autem.',NULL,'1999-06-05 08:00:42','1985-06-20 04:14:59'),(18,60,'Consequuntur minus iure labore earum iste ut delectus. Debitis distinctio perspiciatis soluta a accusamus vero unde. Suscipit tenetur ea omnis omnis.',NULL,'2004-11-05 14:36:04','2008-03-15 16:51:12'),(19,70,'Ad ducimus ab magnam qui et vero. Pariatur harum sint quibusdam. Excepturi soluta sit voluptas dignissimos. Omnis rerum aliquid qui veniam minima provident sequi.',NULL,'1997-08-08 11:12:41','1980-06-24 05:22:31'),(20,37,'Nemo sit incidunt delectus sint modi amet. Quia itaque enim consequatur numquam eum impedit voluptatem et. Illum dignissimos aspernatur tempore reiciendis ut modi quis quasi. Rerum repudiandae aut est.',NULL,'2004-07-25 13:42:24','1989-09-17 03:03:51'),(21,16,'Et tenetur ratione placeat maxime. Tempora aliquid sit doloremque in quisquam odio ut ut. Soluta consequatur quo cum ut est aspernatur.',NULL,'1970-12-13 02:32:13','1979-12-10 22:00:31'),(22,99,'Et ut error qui voluptatum nobis dolore. Accusantium iusto eos debitis cupiditate. Libero provident eos consequatur itaque. Suscipit sunt labore ratione ad quibusdam sint.',NULL,'1972-07-09 16:14:44','1994-02-20 01:44:47'),(23,94,'Fuga doloremque veritatis expedita praesentium sed sed. Debitis recusandae ipsam vero officiis est veritatis cum. Dignissimos voluptas sit consequatur.',NULL,'1997-01-23 08:25:21','1989-07-27 09:40:17'),(24,62,'Dolores repellendus id praesentium natus omnis voluptatum debitis. Eos dolor officia quo fugiat dicta ut ut voluptas. Excepturi eveniet quasi et.',NULL,'2017-11-04 06:56:28','1990-03-15 05:20:01'),(25,61,'Quam repudiandae ipsam dolorem dolorem. Inventore molestiae libero natus similique tempora dolorum ab alias. Odio tempore voluptas qui quia. Est tempore impedit quia ratione reprehenderit ut.',NULL,'2009-05-28 02:38:00','1986-04-29 16:27:56'),(26,82,'Impedit laudantium sunt quia fugiat omnis. Nobis inventore alias voluptates ut iste quisquam ullam quia. Necessitatibus dolorem corporis animi nihil ut et. Architecto sunt ea id unde eaque expedita.',NULL,'1998-04-24 14:48:32','1996-07-21 09:29:13'),(27,17,'Aspernatur nam voluptas debitis sint. Ut voluptas cumque expedita iure. Iure ipsum autem dolore distinctio.',NULL,'1985-07-09 05:19:16','1977-01-07 17:37:19'),(28,78,'Amet sed optio vel qui aliquid. Eaque blanditiis voluptatem odit laboriosam. Eveniet ad id sunt iusto enim maxime sit adipisci. Accusamus inventore aut repudiandae corporis.',NULL,'1979-12-05 10:24:07','2015-11-11 14:58:50'),(29,1,'Nostrum excepturi et nihil neque. Eum quo harum occaecati beatae sed suscipit maiores. Et sit modi reiciendis minus culpa. Mollitia debitis voluptatum quaerat optio iure in veniam ratione. Porro voluptate non nostrum a tempora excepturi.',NULL,'1990-03-09 12:57:27','2011-03-01 14:21:26'),(30,93,'Corrupti vel sint mollitia et id. Cum non dolores illo sint rerum qui sapiente. Sit sunt alias fugit sit.',NULL,'2018-02-22 21:06:20','2017-11-19 02:59:32'),(31,41,'Nulla sit quibusdam et eum molestiae. Et fuga praesentium mollitia cupiditate numquam aperiam non. Quia commodi aliquam qui facilis officia qui quia error. Aut voluptatibus iste mollitia voluptatum id quidem facere. Ducimus consequuntur minus dolorem ut id.',NULL,'2019-10-31 21:23:44','2019-06-08 01:19:39'),(32,8,'Est ut fugit vel minus sed. Pariatur ipsam laudantium magni mollitia. Corrupti velit iure et nobis. Corporis at in adipisci suscipit omnis ipsum cum.',NULL,'2013-01-15 16:24:17','2011-08-30 05:23:32'),(33,25,'Voluptatem repellat accusantium non eaque. Veritatis explicabo nihil et quae odit quia. Velit fugiat enim qui voluptatem. Ex ad voluptatem odio tempora.',NULL,'1995-02-22 07:44:56','1986-08-20 09:01:06'),(34,58,'Qui animi molestias aut eos quia. Deserunt non quisquam velit explicabo et ut. Est esse velit tenetur expedita sit neque velit rerum. Dignissimos delectus quam et quia exercitationem.',NULL,'1972-05-20 03:04:05','2001-11-02 02:39:46'),(35,57,'Veniam nostrum ut est et et laborum. Eum rerum et numquam dolores sed. Rem quia sequi natus architecto.',NULL,'2020-03-05 07:34:50','2018-12-02 22:29:37'),(36,82,'Consequatur porro repudiandae exercitationem doloribus. Quia voluptatem optio excepturi facere asperiores voluptatem consequatur. Aspernatur voluptatem molestiae amet. Repellat quod iusto consequatur quod. Qui amet dolorum molestias nihil mollitia.',NULL,'2000-06-18 02:00:25','2003-08-02 04:25:41'),(37,31,'Sint vitae rerum corporis explicabo deleniti nihil modi. Laborum possimus incidunt quia possimus voluptas porro veniam. Et ut porro et. Quaerat voluptas dolores et architecto maiores suscipit.',NULL,'1997-08-25 21:12:09','2002-05-07 07:03:40'),(38,29,'Molestias officiis blanditiis corporis dolores autem fuga quo. Quos est rerum maiores vero eveniet velit dolorem. Eum nam enim blanditiis.',NULL,'1981-04-22 20:26:56','2000-12-30 00:21:57'),(39,74,'Repudiandae quae voluptatum ut. Deleniti voluptatem facere qui quidem. Eaque amet vitae nulla error.',NULL,'1970-08-10 22:30:24','2000-11-03 08:04:52'),(40,18,'Sed soluta odio deleniti aut. Deleniti quasi sapiente accusamus ab. Accusamus eos commodi maxime.',NULL,'2000-09-29 04:17:11','2014-01-18 00:55:28'),(41,91,'Temporibus quo unde sunt voluptates dicta iure. Suscipit et voluptas rerum corporis minus perferendis et modi. Quam ipsam pariatur blanditiis sed voluptatibus eos qui iusto.',NULL,'2003-09-09 00:55:38','1976-05-25 07:52:56'),(42,45,'Dolores tempora tenetur doloremque et hic maiores ea. Nam aliquam illo autem molestiae. Odit enim praesentium ipsam ut et ipsa. Et est ipsam consequuntur nulla qui ipsum.',NULL,'1994-06-02 03:38:44','2001-05-17 18:27:42'),(43,91,'Rem deserunt expedita aliquid est. Excepturi accusantium ullam mollitia iusto recusandae consequatur in. Quia sed dolore in rerum est rerum quo. Corrupti autem quisquam similique rerum accusamus quo nemo tempora.',NULL,'2001-12-21 16:34:19','1986-11-01 20:55:51'),(44,74,'Dolor quisquam facere harum non perferendis iste. Sint est aliquid vel odit accusantium ducimus.',NULL,'1997-03-10 15:07:16','2001-06-01 16:29:28'),(45,29,'Excepturi consequatur autem magnam enim aspernatur suscipit. Animi laborum ut et qui dicta nulla atque. Modi illo soluta sed laborum nostrum impedit necessitatibus. Magnam quidem cupiditate laborum officiis aliquid magni.',NULL,'1976-01-31 07:41:51','2019-07-13 03:46:04'),(46,60,'Minima in sit non vitae maxime dolores. Aut explicabo dignissimos et perspiciatis rerum. Rerum rerum sequi voluptate eaque nihil.',NULL,'1979-07-30 17:53:41','2012-05-05 10:38:42'),(47,52,'Quidem veritatis voluptate reprehenderit sint dolor quo qui. Optio laudantium eos culpa dolor adipisci. Magni corrupti odit adipisci earum placeat. Iusto veniam sequi nulla corrupti recusandae. Ipsam atque harum molestiae ducimus sit commodi.',NULL,'2006-07-20 08:07:39','2008-12-12 09:48:22'),(48,58,'Explicabo ipsum voluptate minima et distinctio. Non veritatis autem omnis. Quia labore voluptates praesentium reprehenderit. Praesentium distinctio dolorum asperiores est. Quis laboriosam aut amet unde delectus voluptas.',NULL,'1977-02-22 00:31:07','1994-04-24 08:28:10'),(49,20,'Sed et nihil iure explicabo. Aut veniam animi qui veritatis ipsam deleniti. Rerum vel est dolorem aut vero.',NULL,'2006-08-02 02:10:08','1976-05-11 22:26:32'),(50,21,'Molestias quo voluptatum eum qui tempora. Impedit tenetur sed minima provident eligendi voluptas dolores. Quo voluptatum asperiores quisquam.',NULL,'2008-09-07 00:35:03','1986-08-25 15:27:11'),(51,95,'Cum est aspernatur minima quia eius. In et ducimus occaecati officia deleniti nisi qui. Eligendi aut sapiente ipsam facere.',NULL,'1972-11-16 00:36:30','1974-01-30 18:03:00'),(52,35,'Itaque necessitatibus ab quia id corrupti. Voluptatibus itaque earum non ut. Aut sunt voluptatum tempore molestias rerum in.',NULL,'2006-06-17 15:38:48','1997-06-18 06:41:22'),(53,19,'Cupiditate ducimus ad ut et est doloremque. Fugit deleniti impedit non aut sint ipsa sint sequi. Velit aspernatur voluptas distinctio enim ut quis. Accusantium repudiandae et quae voluptas est.',NULL,'1987-07-22 09:20:27','1972-02-05 10:51:37'),(54,88,'Facilis molestiae animi possimus odio. Sunt quisquam et dolorem explicabo omnis. Quae et voluptatibus natus iure blanditiis quis.',NULL,'2005-01-11 15:57:45','1987-04-17 05:50:02'),(55,97,'Eos aut excepturi consectetur et accusamus similique. Et voluptatem ut nemo hic cumque aliquam perspiciatis delectus. Aut tempore saepe in asperiores accusamus sint. Est error qui est.',NULL,'2001-12-24 09:03:28','2007-10-26 16:15:44'),(56,80,'Saepe doloremque et fuga asperiores facere. Et incidunt aut odio ut in molestiae. Id ex modi quia maxime et hic.',NULL,'1974-02-25 22:11:01','1999-03-08 14:12:04'),(57,70,'Neque voluptatibus labore et ut expedita. Voluptatum vitae ducimus quibusdam nesciunt perferendis rerum laboriosam libero. Ipsa ex ut veniam doloribus hic voluptate aliquid.',NULL,'2007-05-11 21:22:29','1980-10-21 21:36:29'),(58,13,'Sint cumque incidunt praesentium sequi doloremque. Qui quo corporis voluptatibus unde placeat architecto. Quaerat qui eos fugit iste ab. Pariatur ut dolor ut voluptatem.',NULL,'2009-12-09 02:28:21','2012-04-17 08:31:27'),(59,58,'Quod dolorum cupiditate asperiores nobis. Eligendi delectus aliquam impedit enim earum pariatur. Est facere dolore sed commodi quia. Qui officiis repellendus harum veritatis doloribus. Dolor dolores porro sit.',NULL,'1988-11-12 04:54:32','2000-09-09 18:21:02'),(60,71,'Consequuntur qui unde nihil quis ut est nesciunt. Sed et neque non commodi non tempora eos.',NULL,'2012-10-12 17:23:17','1971-07-23 12:45:21'),(61,5,'Vitae dolores ipsa ut modi. Doloremque deleniti reprehenderit nulla nesciunt eius optio voluptas impedit. Sint voluptatem enim quas omnis consequatur natus architecto. Autem omnis culpa non.',NULL,'1974-11-18 10:58:07','1986-02-15 22:15:22'),(62,98,'Dolor animi minima beatae doloribus sed. Reprehenderit modi et labore et qui. Exercitationem error rerum exercitationem commodi.',NULL,'2010-08-03 18:57:15','1995-10-06 00:23:59'),(63,78,'Earum repellendus iste animi sed voluptatibus. Eligendi quae provident sed aspernatur maxime. Est accusantium quas iure exercitationem numquam magnam officia.',NULL,'1995-02-10 03:28:48','1981-08-15 08:52:03'),(64,30,'Assumenda enim consectetur temporibus quia voluptas quia. Explicabo adipisci facilis voluptate. Fuga ut modi adipisci non natus vel rem dolores.',NULL,'2016-02-27 13:39:49','2006-05-21 01:52:37'),(65,56,'Cum corrupti eos architecto. Rerum consequatur assumenda fugit deserunt reprehenderit. Impedit rerum ut excepturi dolores qui est doloribus sit. Aut numquam aut sit molestiae distinctio ipsum molestiae.',NULL,'1985-08-07 06:46:16','1985-10-14 11:20:30'),(66,35,'Omnis sit quis dolore vero voluptates velit expedita. Voluptas reiciendis accusantium error.',NULL,'1984-04-14 01:32:29','2010-04-30 09:30:42'),(67,12,'Quo in temporibus delectus dolor et aut. Sit reiciendis minima dolores excepturi et ratione molestiae. Sunt rerum nam repellat aliquam. Quos quis corrupti voluptatem nulla rem magnam.',NULL,'1986-08-20 03:14:11','2003-03-13 10:29:20'),(68,87,'Quia facere cupiditate excepturi maxime dolores iusto. Tempore velit adipisci ipsa doloremque quasi. Deserunt sit qui vero suscipit eos itaque. Accusamus in et impedit tempora magnam similique rerum.',NULL,'1979-05-08 00:03:22','1971-04-04 23:49:00'),(69,63,'Voluptatem quae quis corporis totam distinctio optio quasi. Non et excepturi incidunt in. Nemo ut repudiandae labore sit.',NULL,'2019-05-01 14:42:28','1987-03-16 09:30:01'),(70,85,'Qui rerum tenetur enim maxime explicabo ullam. Doloribus qui rerum delectus asperiores et reiciendis.',NULL,'1973-09-16 09:21:27','1974-05-24 22:24:47'),(71,4,'Quis ut alias omnis reprehenderit hic. Laborum asperiores libero autem reprehenderit beatae. Est voluptatem doloribus ex veniam repellendus. Illum et et similique fugit enim perferendis. Modi et magnam nobis et vero culpa.',NULL,'2020-01-24 16:44:45','2018-06-13 16:11:16'),(72,54,'Id quos excepturi pariatur nesciunt consequatur repudiandae exercitationem. Ut placeat et porro natus qui. Quia exercitationem facere autem recusandae debitis doloribus.',NULL,'1973-03-25 20:30:53','2019-05-22 05:34:34'),(73,29,'Nesciunt amet hic qui doloribus. Hic amet corrupti provident. Qui qui itaque odio ipsam illo. Alias omnis aut quia cupiditate.',NULL,'2003-01-19 01:56:30','2012-10-05 02:37:39'),(74,95,'Ipsum sit et laudantium qui consequuntur in odio. Id non totam quis incidunt aut. Rerum enim beatae ipsum cupiditate dolor est.',NULL,'2000-08-04 22:15:05','1987-12-18 23:58:51'),(75,27,'Enim quo aliquid eaque natus praesentium sint fuga. Ut non vel similique aliquam rem impedit. Assumenda exercitationem explicabo et error.',NULL,'1989-01-15 01:10:15','1971-01-10 14:26:35'),(76,57,'Et quod fugiat et animi et quidem doloremque. Ipsam velit repellendus et asperiores molestias dolores ipsa magnam.',NULL,'2006-05-16 03:29:58','2004-07-03 17:56:13'),(77,54,'Culpa inventore soluta numquam itaque. Cupiditate natus officia culpa repellendus. Modi quidem eveniet sit temporibus dicta accusantium qui beatae. Molestias at consequatur blanditiis rem unde.',NULL,'1986-07-04 21:55:19','2014-12-10 00:01:24'),(78,78,'Et eius omnis magnam aut voluptatem quisquam. Ut veritatis nemo ut velit iure. Nulla similique est quisquam dolorum. Quod ea eaque non vero soluta. Enim est eius corporis delectus.',NULL,'1970-02-26 17:03:44','1974-05-26 03:09:26'),(79,15,'Nobis blanditiis facilis et. Laborum cumque quibusdam officiis ipsa. Molestias et deserunt exercitationem provident. Ex ut rerum repellat qui. Aut velit deserunt ut velit eveniet facilis optio.',NULL,'2015-07-23 12:21:53','1991-03-29 16:13:52'),(80,73,'Est magni et molestiae voluptates iusto qui. Quo quis est quaerat officia. Omnis placeat est nihil soluta et. Quaerat delectus voluptas est ut laborum eum rerum hic.',NULL,'2018-10-05 18:41:19','2002-11-30 21:19:25'),(81,98,'Est fugiat quibusdam numquam sapiente enim iste et. Dignissimos sed inventore voluptatem rem. Debitis fugit optio adipisci consectetur impedit. Vitae sunt eveniet eligendi cupiditate excepturi.',NULL,'1989-05-17 13:33:51','1978-06-01 00:09:04'),(82,10,'Iste voluptate repellendus ut distinctio voluptas culpa non quas. Consequatur fugit omnis doloribus laudantium at. Modi blanditiis quibusdam magni. Assumenda ut est dignissimos labore expedita rerum quia.',NULL,'2011-07-12 10:46:45','2002-09-26 08:06:48'),(83,8,'Voluptas in itaque ea. Eveniet quisquam maxime at. Maxime id nisi excepturi hic molestiae natus et. Sunt harum nulla inventore qui alias.',NULL,'1991-03-28 04:41:16','1978-12-10 10:24:42'),(84,17,'Sapiente animi maxime aliquam et eos minima quam. Inventore atque commodi soluta rerum eos aut sunt. Aut quis aut dolorum at assumenda et numquam.',NULL,'1999-12-24 16:26:41','2008-03-29 13:04:56'),(85,97,'Quaerat labore et pariatur est rem libero dolores exercitationem. Dolorem ut ducimus animi in. Perferendis sed explicabo quis quo error aut eveniet ut. Eaque amet sed beatae iusto.',NULL,'2009-03-15 14:16:53','2013-04-08 02:25:30'),(86,4,'Dolorem vero eos dolores non temporibus. Officiis quaerat quo error. Sed atque dolorem eos iste fugit ipsa consequatur. Id rem praesentium accusantium id quae minima.',NULL,'2015-09-21 05:58:11','1988-09-16 03:20:08'),(87,96,'Odio non enim quae. Illum molestias ea consequatur ut. Voluptas qui id cumque eius.',NULL,'1979-01-08 18:52:02','1987-01-25 05:04:15'),(88,67,'Dolores odio quisquam consequatur quia velit nisi omnis. Sint perspiciatis vero laudantium enim nostrum omnis ducimus.',NULL,'2009-11-19 15:47:24','2002-09-28 22:58:39'),(89,16,'Earum laudantium qui consequatur sit aspernatur. Architecto amet illum et non non aut. Molestiae nemo illum repellendus unde molestiae aut.',NULL,'2019-01-12 10:55:26','1970-05-09 14:21:05'),(90,53,'Sequi in magni hic in. Voluptatem esse eos voluptatem nobis doloremque repudiandae. Laboriosam error ipsum occaecati quia. Veritatis reiciendis harum praesentium explicabo eligendi dolores dicta. Beatae nulla fuga alias quis exercitationem.',NULL,'2017-09-29 19:50:23','1981-01-07 03:44:50'),(91,37,'Rerum et at voluptatem veritatis. Sint nihil et voluptas tempore praesentium ut. Harum sit esse magnam enim sunt. Esse quis tempora magnam quos ex velit.',NULL,'1977-06-12 09:44:21','1995-06-28 18:34:35'),(92,21,'Corrupti ut doloribus nihil et error. Architecto sunt cupiditate vel excepturi mollitia distinctio est. Dolor provident fuga odio et et odio sit aliquid. Dolorem laborum perferendis aut ut accusantium velit sit.',NULL,'2009-05-02 06:27:23','1976-02-24 03:35:21'),(93,51,'Unde commodi consequatur enim ut iusto neque fuga. Et quidem incidunt tempore ut. Facilis veritatis ut laboriosam tenetur quae fugit.',NULL,'1974-09-04 23:53:58','2001-03-27 00:25:40'),(94,15,'Ipsa nostrum velit est. Et qui ipsum aut nihil. Nesciunt ea est dolore vero. Voluptatibus nihil nesciunt deleniti fugit harum facilis.',NULL,'1991-09-06 21:14:03','2010-05-07 13:20:50'),(95,50,'Molestiae voluptate est aut voluptatem mollitia similique. Quia ut quidem iure doloremque. Temporibus eos consequatur eveniet eius earum atque iure qui. Non tenetur rem consectetur.',NULL,'1992-09-10 17:24:08','1975-04-24 08:04:25'),(96,6,'Alias dolorum magnam harum. Et omnis eos laboriosam quia sit commodi. Ex maiores ratione quia sed non repudiandae aspernatur.',NULL,'2006-03-03 03:47:23','2014-10-07 17:13:30'),(97,49,'Atque quod vero voluptatem qui. Sit accusamus sed sed aspernatur qui aut ut architecto. Doloribus dolores aspernatur dolores qui libero.',NULL,'1988-06-23 02:46:35','1985-11-01 23:46:23'),(98,61,'Animi rerum sint voluptatem error. Minus quae nemo perferendis est.',NULL,'2007-01-10 20:08:50','2013-09-24 19:28:42'),(99,92,'Et aut sed cupiditate odio. Culpa et laudantium placeat officiis eos reprehenderit. Eos distinctio quas hic.',NULL,'1971-10-01 02:40:10','1984-09-27 12:26:43'),(100,12,'Explicabo omnis laborum dolorum in nihil. Est illo possimus non sed aut laudantium. Nihil dolore aut aut qui omnis.',NULL,'2006-08-18 21:29:45','1998-12-24 09:38:14');
/*!40000 ALTER TABLE `posts` ENABLE KEYS */;
UNLOCK TABLES;

--
-- Table structure for table `posts_likes`
--

DROP TABLE IF EXISTS `posts_likes`;
/*!40101 SET @saved_cs_client     = @@character_set_client */;
/*!50503 SET character_set_client = utf8mb4 */;
CREATE TABLE `posts_likes` (
  `from_user_id` bigint unsigned NOT NULL,
  `post_id` bigint unsigned NOT NULL,
  `is_like` tinyint(1) DEFAULT NULL,
  PRIMARY KEY (`from_user_id`,`post_id`),
  KEY `post_id` (`post_id`),
  CONSTRAINT `posts_likes_ibfk_1` FOREIGN KEY (`from_user_id`) REFERENCES `users` (`id`),
  CONSTRAINT `posts_likes_ibfk_2` FOREIGN KEY (`post_id`) REFERENCES `posts` (`id`)
) ENGINE=InnoDB DEFAULT CHARSET=utf8mb4 COLLATE=utf8mb4_0900_ai_ci;
/*!40101 SET character_set_client = @saved_cs_client */;

--
-- Dumping data for table `posts_likes`
--

LOCK TABLES `posts_likes` WRITE;
/*!40000 ALTER TABLE `posts_likes` DISABLE KEYS */;
INSERT INTO `posts_likes` VALUES (1,15,0),(5,4,0),(5,67,0),(8,89,0),(11,41,0),(12,88,1),(13,17,0),(14,1,1),(14,98,1),(15,20,1),(15,74,1),(16,38,1),(18,91,1),(19,14,1),(19,65,0),(19,71,0),(20,31,1),(22,26,1),(22,27,1),(23,10,0),(23,75,0),(25,22,1),(25,92,0),(26,16,0),(26,68,0),(27,54,1),(28,26,1),(28,63,0),(29,92,1),(30,36,1),(30,97,0),(32,73,0),(33,65,1),(34,44,0),(35,81,1),(37,49,0),(38,51,1),(38,98,0),(40,86,1),(41,4,0),(41,69,0),(44,86,1),(46,28,1),(46,74,0),(46,75,0),(47,30,0),(48,48,1),(48,73,0),(49,70,1),(50,89,0),(51,14,1),(51,96,0),(52,3,1),(52,17,0),(52,37,0),(54,1,1),(55,6,0),(59,78,0),(63,28,0),(64,22,0),(65,74,1),(65,93,0),(66,54,1),(67,35,0),(68,88,0),(69,18,0),(71,97,0),(72,42,1),(73,97,0),(76,84,1),(76,89,1),(77,64,1),(77,70,1),(79,11,1),(79,12,0),(80,30,0),(80,46,1),(80,85,1),(82,14,0),(82,24,0),(83,35,1),(83,46,1),(84,78,0),(85,9,1),(85,65,0),(86,47,0),(87,15,1),(89,35,1),(90,42,0),(90,49,1),(92,66,0),(93,48,0),(93,80,1),(95,44,0),(98,9,0),(98,26,0),(98,98,0),(99,6,0),(99,61,0),(100,44,1);
/*!40000 ALTER TABLE `posts_likes` ENABLE KEYS */;
UNLOCK TABLES;

--
-- Table structure for table `user_likes`
--

DROP TABLE IF EXISTS `user_likes`;
/*!40101 SET @saved_cs_client     = @@character_set_client */;
/*!50503 SET character_set_client = utf8mb4 */;
CREATE TABLE `user_likes` (
  `from_user_id` bigint unsigned NOT NULL,
  `user_id` bigint unsigned NOT NULL,
  `is_like` tinyint(1) DEFAULT NULL,
  PRIMARY KEY (`from_user_id`,`user_id`),
  KEY `user_id` (`user_id`),
  CONSTRAINT `user_likes_ibfk_1` FOREIGN KEY (`from_user_id`) REFERENCES `users` (`id`),
  CONSTRAINT `user_likes_ibfk_2` FOREIGN KEY (`user_id`) REFERENCES `users` (`id`)
) ENGINE=InnoDB DEFAULT CHARSET=utf8mb4 COLLATE=utf8mb4_0900_ai_ci;
/*!40101 SET character_set_client = @saved_cs_client */;

--
-- Dumping data for table `user_likes`
--

LOCK TABLES `user_likes` WRITE;
/*!40000 ALTER TABLE `user_likes` DISABLE KEYS */;
INSERT INTO `user_likes` VALUES (1,13,1),(3,62,0),(3,96,1),(4,69,1),(5,19,0),(8,36,0),(8,86,0),(9,52,1),(13,71,1),(15,66,1),(20,81,1),(24,77,0),(26,38,0),(26,40,1),(27,90,1),(32,22,1),(37,65,0),(40,8,0),(41,74,1),(44,79,0),(47,93,0),(50,85,0),(55,97,0),(58,7,0),(61,24,0),(65,73,1),(67,62,0),(70,38,0),(71,7,0),(72,24,1),(74,98,0),(77,24,1),(79,99,1),(80,86,0),(83,65,1),(84,25,1),(84,52,0),(85,69,0),(86,42,1),(86,88,1),(93,28,0),(93,31,0),(94,3,1),(94,14,1),(96,97,0),(98,33,0),(98,86,1),(100,69,0),(100,72,1),(100,97,1);
/*!40000 ALTER TABLE `user_likes` ENABLE KEYS */;
UNLOCK TABLES;

--
-- Table structure for table `users`
--

DROP TABLE IF EXISTS `users`;
/*!40101 SET @saved_cs_client     = @@character_set_client */;
/*!50503 SET character_set_client = utf8mb4 */;
CREATE TABLE `users` (
  `id` bigint unsigned NOT NULL AUTO_INCREMENT,
  `name` varchar(50) DEFAULT NULL,
  `surname` varchar(50) DEFAULT NULL,
  `email` varchar(120) DEFAULT NULL,
  `phone` bigint DEFAULT NULL,
  `gender` char(1) DEFAULT NULL,
  `birthday` date DEFAULT NULL,
  `hometown` varchar(50) DEFAULT NULL,
  `photo_id` bigint unsigned DEFAULT NULL,
  `pass` char(50) DEFAULT NULL,
  `created_at` datetime DEFAULT CURRENT_TIMESTAMP,
  PRIMARY KEY (`id`),
  UNIQUE KEY `id` (`id`),
  UNIQUE KEY `email` (`email`),
  KEY `phone` (`phone`),
  KEY `surname` (`surname`,`name`)
) ENGINE=InnoDB AUTO_INCREMENT=101 DEFAULT CHARSET=utf8mb4 COLLATE=utf8mb4_0900_ai_ci;
/*!40101 SET character_set_client = @saved_cs_client */;

--
-- Dumping data for table `users`
--

LOCK TABLES `users` WRITE;
/*!40000 ALTER TABLE `users` DISABLE KEYS */;
INSERT INTO `users` VALUES (1,'Floy','Graham','emmett.predovic@example.com',802,'m','1985-09-21','Geovannyport',NULL,'59322dcf916926dd02cef8d5658562c9','2014-09-12 20:18:38'),(2,'Iliana','Wiza','sadye.walter@example.com',96,'m','1984-09-13','Zakarymouth',NULL,'1b6b1502d5d9761e02fc06183f51c0f4','1981-03-13 11:47:08'),(3,'Naomie','Hackett','yrice@example.com',3377784688,'m','1981-04-26','Harveyfort',NULL,'8a898b77eb8513a6e8fa59c62848a0b4','1985-07-09 16:55:07'),(4,'Alison','Ondricka','cesar.nader@example.com',0,'m','2013-06-07','Kozeytown',NULL,'bb60e1a76adc7bde1f96e68137328ddd','2005-02-03 20:36:51'),(5,'Vena','Welch','esteban.quigley@example.org',607,'m','1999-02-21','West Kellymouth',NULL,'449bd42bb8af3e8bc26d12a1f699fb9c','2001-07-24 02:06:43'),(6,'Salma','Abbott','katelynn.mccullough@example.net',0,'m','2002-03-28','Hegmannborough',NULL,'ba5f5e6d36e16cbbac8d9f0d9a1ca967','1998-07-16 14:05:25'),(7,'Alden','King','fritsch.joany@example.net',0,'f','1979-06-07','West Kristina',NULL,'f6456ef1d7b5b2271e77e67deb994ac3','2014-12-17 05:35:31'),(8,'Dino','Kuphal','earlene.waters@example.com',4717795896,'f','1977-11-24','Isabellaview',NULL,'b77da04a4c6ae7f5ec173776148cdfb4','1974-01-23 22:02:45'),(9,'Alvis','Moen','hhilll@example.com',0,'m','2005-01-08','Reynoldland',NULL,'da4f66d09a0b639d6b79cb2f8d2b3c9e','1977-06-11 05:41:47'),(10,'Rhianna','Kohler','gavin16@example.org',0,'f','1992-02-27','Baileybury',NULL,'664ac63d348c686e9b16d2caed0e89cb','2016-08-17 21:30:02'),(11,'Casper','Willms','onie.lueilwitz@example.com',0,'m','2009-06-19','Faheybury',NULL,'3364e42cff590bfd34eb5b75850dc6ad','1999-11-10 09:26:17'),(12,'Harold','Bins','altenwerth.ignatius@example.com',0,'m','2020-06-05','Percivalmouth',NULL,'083aacc5b9f8e6760d653e15e779bddf','1999-01-17 08:43:28'),(13,'Jamison','Hodkiewicz','juvenal44@example.org',5365000872,'m','1994-11-10','Generalview',NULL,'ce5c0a24096dae1ea2a61871eb9123e1','1971-12-18 13:30:30'),(14,'Jackson','Wiza','adaline72@example.com',1,'f','1988-07-18','Elizaburgh',NULL,'998562b116dac81477cfe4e006b46d65','1999-06-06 12:14:48'),(15,'Elenor','Smitham','cierra.dooley@example.net',0,'f','2007-06-06','Bartholometown',NULL,'57fd4b834e9dc2d4a5e891db0995fcca','1992-03-18 08:39:28'),(16,'Jermaine','Conn','dietrich.branson@example.org',1728515289,'f','1999-09-16','Tyriqueshire',NULL,'3d70bc7e8e4891550c903f9271652495','2000-06-17 06:14:33'),(17,'Lauretta','Yundt','coralie.steuber@example.net',195,'f','2006-02-03','Muhammadport',NULL,'66fc6bf66a30254637801212a66806b5','2019-02-25 19:18:43'),(18,'Kenyatta','Reilly','cassin.raven@example.net',256864,'f','2010-03-14','North Edgar',NULL,'79bffab7b2ac392358cdc0086e18d4fd','2003-08-11 07:23:02'),(19,'Jon','Dietrich','titus.raynor@example.org',26,'m','1988-01-01','North Axel',NULL,'ecc71cefeaa66c5bfb620f025e86efe5','1985-08-02 01:01:10'),(20,'Camylle','Beer','reilly.dayne@example.org',1,'m','1981-11-28','Schulistburgh',NULL,'96f9ff7d758043c187b268cb5feb27ad','2001-07-17 05:16:30'),(21,'Sven','Bergnaum','kristy67@example.net',252010,'m','1976-11-28','Lake Destin',NULL,'46d68e8bc19ac699f040d769f82b1224','2009-05-19 21:35:28'),(22,'Shyanne','Monahan','daugherty.simone@example.org',128987,'m','1990-08-18','East Ervinville',NULL,'9333733ab6b39c4ad84e76ec77f15795','2019-04-25 23:16:57'),(23,'Shayne','Gislason','hand.mariam@example.org',412526,'m','1994-10-29','Littlemouth',NULL,'55849a73665b610dfdb08aa5a50f92f9','1973-02-17 20:03:57'),(24,'Charlie','Mosciski','hazel92@example.net',903,'f','1992-11-07','South Zoilaberg',NULL,'12b3b93ceaebb4d40a60d38e49694d3e','1999-01-06 13:52:32'),(25,'Chester','Moore','ritchie.amanda@example.org',420730,'f','2003-06-13','Bruenview',NULL,'46e5bbd541fc95f69ab2e4023e0c9f68','1994-02-04 15:23:18'),(26,'Elouise','Kunze','mitchell66@example.org',0,'f','1991-06-10','East Jayce',NULL,'5bee8ab3837a8472eb6ce3564a0ed007','1996-08-28 06:32:41'),(27,'Sallie','Towne','lueilwitz.shaun@example.com',1,'f','2019-04-24','West Hettie',NULL,'3c56ceb4a6b088c3a2ba391dc11ba11f','2016-07-23 13:49:49'),(28,'Colt','Hegmann','izboncak@example.org',671943,'m','1970-06-15','South Ramiro',NULL,'6f5b6596e034aa4c55af0163ba5d6003','1970-06-07 13:17:27'),(29,'Nestor','Wiegand','kuphal.claudine@example.net',1,'f','2009-05-05','New Moniqueberg',NULL,'5073569071e7e376478e3c3a25574f1b','1980-03-22 00:39:31'),(30,'Afton','Greenfelder','adela90@example.com',1,'f','2014-05-05','Koeppland',NULL,'e8748667b4eac2d114d83782f6b12485','1979-06-02 02:21:00'),(31,'Foster','Hettinger','isabel.schamberger@example.org',99,'f','1981-05-16','East Nash',NULL,'02b0f64d0cbeae110608380886226316','2013-01-07 23:18:24'),(32,'Bobby','Ziemann','kylee.borer@example.org',793,'m','1977-06-13','Pricechester',NULL,'8b3e92fa921fd633239254a608d8db74','1982-03-25 11:30:37'),(33,'Antwan','Howell','stephon.gutmann@example.com',0,'m','1983-12-25','South Hectorchester',NULL,'28916f1364ad272add224ad63017dbdb','1980-10-18 07:31:21'),(34,'Rachael','Ratke','markus.mckenzie@example.org',588,'m','1997-06-14','VonRuedenberg',NULL,'cf4d20f78bab02c94eea1c138c392324','1978-07-06 15:08:41'),(35,'George','Jacobi','miracle88@example.org',1,'f','1982-07-07','North Beauberg',NULL,'8d9bfe4e8891d7dbfb1cb7ad94f88646','2008-02-07 07:55:49'),(36,'Lorenz','Turcotte','jaskolski.moriah@example.com',950124,'f','1989-12-01','Port Dianna',NULL,'418abcf497fd795fcb8dac590bc74451','1985-10-10 04:08:56'),(37,'Ross','Miller','dean.veum@example.org',0,'m','1991-03-09','Lake Aishaland',NULL,'22ae3d2bb60fa10b94706cd2a7a64669','1996-10-13 12:29:17'),(38,'Carlo','Osinski','keven34@example.net',7920352537,'f','2018-06-01','South Carmellaview',NULL,'bffea6601d0f196e60dfd251679fd7c6','1976-05-30 10:46:48'),(39,'Neil','Grimes','koelpin.audreanne@example.net',957867,'f','1997-07-13','Scottieside',NULL,'6d02a5a67edbc3c85dbb1479aae8344a','1993-01-26 05:37:23'),(40,'Gabriella','Stroman','zturner@example.com',5,'f','1991-09-24','West Melba',NULL,'f0fcbd05f72bde1ac65a462e6d368b8e','1973-06-15 04:23:16'),(41,'Veda','Heaney','brain.ratke@example.org',653837,'f','2011-08-22','New Karliberg',NULL,'596cc4a91548efabad8592471326fedf','1988-02-11 09:40:16'),(42,'Yoshiko','Padberg','howell.anabel@example.com',7637223949,'f','2017-11-17','Christinehaven',NULL,'bd6d5c93e5155eacc2bd03340c5e0ce9','1994-05-28 15:22:16'),(43,'Cielo','Walter','clittel@example.com',883,'f','1977-11-04','Reichelview',NULL,'430a2424943d66dc01ab2bf7e175201b','2009-06-13 03:37:01'),(44,'Jonas','Runolfsson','malcolm.olson@example.com',989,'m','2009-03-01','Hermistonfurt',NULL,'09954743ac3cb8999b4a1dccc994ce60','1992-07-05 08:12:14'),(45,'Nicole','Rowe','koch.efrain@example.com',0,'m','1989-02-16','New Electafort',NULL,'92c6592e5f7ae54b7a0fb7c1bdf6f078','2020-03-05 14:59:55'),(46,'Elena','Runte','ukiehn@example.org',0,'f','1990-10-11','West Louland',NULL,'74d7bfddfd1b021b21f263e09577985d','1997-12-17 21:27:46'),(47,'Tanya','Price','fgutmann@example.net',0,'f','2014-02-23','Reneeberg',NULL,'fc5cc9961cda1724e7d603acc2337d61','2004-10-28 15:50:10'),(48,'Shawn','Dooley','qebert@example.org',5332433482,'f','1972-12-11','Bartholomefurt',NULL,'e9ee73e70d8a0a437d63b5b9fb629bbc','2011-04-24 18:49:56'),(49,'Rosella','Braun','edd.tromp@example.com',331371,'m','1991-07-14','Cartwrightberg',NULL,'76f8c957ee07becd32162f42c4a00169','2012-08-27 03:22:27'),(50,'Annabel','Wyman','kolby.stamm@example.net',76,'m','2010-05-25','Ryanmouth',NULL,'78788e899cc8b846d8de9409693db9a4','1974-05-03 06:39:14'),(51,'Mike','Morar','pfahey@example.net',102,'m','2012-01-13','North Frederic',NULL,'7541dca4ef832b026405f22dc813b7ef','2003-07-27 17:28:52'),(52,'Garret','Klocko','demarco.adams@example.org',0,'m','2018-07-18','West Margaretside',NULL,'5b291542df1b13ac40a0cb38e54cea04','1972-08-01 18:11:25'),(53,'Fiona','Boyer','ipowlowski@example.com',0,'f','2003-08-10','North Annabelle',NULL,'0ab93a53bfceb0e9303a0e64f839a16c','1988-07-31 14:42:02'),(54,'Junior','Mertz','wehner.florine@example.net',0,'m','1976-12-21','South Rosie',NULL,'5d3e0013da9a72fe87a94c82346af7e8','1992-03-23 23:19:40'),(55,'Nola','Parker','granville36@example.net',747861,'m','2017-02-08','Deltastad',NULL,'fa1848fc8d9937ba363fd1e3c03f7d7a','1970-09-25 20:28:08'),(56,'Jana','Rice','wdicki@example.net',1,'f','2017-06-07','West Emelie',NULL,'7c463903486508df341fade2239b695d','1997-07-22 04:08:10'),(57,'Emilia','Greenfelder','torrance08@example.net',36,'f','1988-06-17','South Hermann',NULL,'7ec6c0a49e46b1ccb7b3e4b9ae8f7eb7','1982-07-18 14:21:16'),(58,'Shanna','Barton','ohansen@example.org',834131,'f','2003-02-14','East Lilliana',NULL,'aded53397378f97d4dca44fadb4b95b2','1970-08-14 22:32:28'),(59,'Mittie','Botsford','anais.larkin@example.com',153,'f','1978-02-07','Jedediahborough',NULL,'36b44dc7977dd8ec7cea081da2229ba2','1994-02-26 10:54:15'),(60,'Brain','Mraz','joseph.donnelly@example.net',163785,'m','2009-12-16','New Spencerberg',NULL,'b173151e0140f4418d11317b836f90d2','2008-10-27 21:50:27'),(61,'Fay','Muller','leanne28@example.org',1,'m','1988-05-11','New Ernesto',NULL,'e1fc05c29d38809d510d25f76c151317','2010-11-12 07:49:48'),(62,'Daphney','Harvey','millie22@example.com',96516,'f','2003-02-25','North Olinhaven',NULL,'da6f9af72504330c0ac95e430fea9640','1989-02-06 22:19:22'),(63,'Amya','McCullough','lucienne.monahan@example.net',269,'m','1975-08-31','East Edgar',NULL,'f170db3b34c2ba5a4481c32a1303741a','1972-08-08 00:40:26'),(64,'Josue','Strosin','carlo78@example.net',1143946126,'f','2014-10-26','Connellyfort',NULL,'b266b2ac5110916faea3c114379e0e13','2009-09-13 01:47:23'),(65,'Leon','Gleason','kulas.demarco@example.org',1,'m','1984-04-30','Micheltown',NULL,'5bd2614e3d8d6895da0eff29c08afb5c','1992-11-06 12:12:25'),(66,'Aiden','West','uspencer@example.org',5,'f','1986-12-01','East Phyllis',NULL,'bb71b60f9f4007532170210ff139fdbe','1982-04-22 03:58:32'),(67,'Barrett','Beatty','devan.bednar@example.net',3067062841,'f','1998-07-01','Adrainport',NULL,'96b4c1064f06d415f509317a4ecf1614','1994-09-05 20:52:43'),(68,'Patrick','Shanahan','icie37@example.org',254,'m','1991-04-16','Mohammedstad',NULL,'35de0e9caba22e05fe94a1c7c49008a4','2000-08-12 09:27:23'),(69,'Royce','Crist','flavie.satterfield@example.com',1,'f','1986-01-13','Boyleland',NULL,'33e00f46cbb9fafdd3ac5bb5cf87c1f0','1985-12-07 17:26:34'),(70,'Yessenia','Schoen','zdickinson@example.net',980482,'f','1976-04-09','South Ryannchester',NULL,'da50fba1bfe4c551ae5447937c4a64a2','2004-10-07 14:40:51'),(71,'Flossie','Mraz','loyal.lehner@example.com',1,'m','2015-10-31','Alyceberg',NULL,'03fbe01e89152780a35b355ae8b64011','2009-03-27 07:20:36'),(72,'Nova','Williamson','littel.justus@example.net',0,'f','1971-08-18','Port Syble',NULL,'e5db2c2c8db10f22472a960db9725c05','1992-10-22 19:12:44'),(73,'Collin','Kohler','nmitchell@example.net',0,'f','1988-02-07','New Jackeline',NULL,'8a95a865682575fcdcf3a8a65b31f815','1998-12-21 15:46:47'),(74,'Damian','Pouros','stoltenberg.price@example.org',1,'m','1993-01-11','Brendabury',NULL,'df9191bb2055af73d5ef7d63e709b5ba','2016-06-19 09:37:58'),(75,'Alvis','Padberg','yundt.josianne@example.org',1,'f','1977-01-31','Port Eastonburgh',NULL,'bfad9a924d07c5013aff13403e0be2a8','1975-11-16 10:29:01'),(76,'Lori','Toy','monahan.garrett@example.org',1389942826,'m','2004-10-29','Fadelview',NULL,'67631c586014c6ec553461cb8946e7cd','2007-11-30 06:32:47'),(77,'Billie','Lehner','michale65@example.net',0,'f','2015-12-29','Larkinport',NULL,'1ab218e0e0e23012312e0df30175a407','1970-05-09 20:02:09'),(78,'Etha','Morissette','rau.marilou@example.net',717,'m','1988-06-27','Tremblayland',NULL,'3136cda9cb4767986d950d4040cb543f','2011-10-30 10:05:09'),(79,'Hayley','Dickinson','keith66@example.com',691,'m','1981-08-05','East Doyle',NULL,'3fe1d92eaabf3bc29fbd7a0869f48e7c','1995-08-14 14:00:10'),(80,'Cornell','Glover','brycen.waters@example.org',1,'f','1996-04-17','Aufderharhaven',NULL,'bcc65e7d51f1668c5d0ac0d86d34d316','1987-06-13 16:21:39'),(81,'Celine','Kilback','kelsie.king@example.net',0,'f','1993-11-21','Jacobsonmouth',NULL,'5ca09dcc71591960d4d2d10078359cd6','1985-07-02 16:38:26'),(82,'Eudora','Ortiz','vgoodwin@example.com',3980175771,'m','1977-11-15','Marcosbury',NULL,'d7ae71e1dbc6509ab16ad99cf17a9ced','2006-10-30 13:31:12'),(83,'Rodger','Nitzsche','ryan27@example.com',1121907056,'m','1977-06-04','Port Margaret',NULL,'c778ed48eec5901fb14810b3b3c88979','2008-05-05 13:43:17'),(84,'Yvette','Carter','chad16@example.org',0,'m','2001-03-21','Laurencemouth',NULL,'7c22d047154f5d322e86830681de195d','1985-06-28 04:09:49'),(85,'Demond','Moen','rosalee.mraz@example.org',251,'m','1979-09-14','West Tomasa',NULL,'475044f7afd1336aff19ca7d56a1935b','2018-09-11 09:10:23'),(86,'Shanon','Hills','lera.huel@example.net',528092,'m','1982-05-07','Wuckertshire',NULL,'7c0b37e3625b289d38cf69bba4b3d2f6','2020-06-27 11:43:57'),(87,'Nelda','Hansen','ondricka.thaddeus@example.org',410,'m','1982-12-08','Ansleyberg',NULL,'d5b087475b6e65215a8e7700a541503a','1972-05-14 09:43:41'),(88,'Dane','Walter','feest.bonnie@example.net',0,'f','1973-05-01','Colefurt',NULL,'41c73bcb949f46689625b22a6c518b01','1998-09-17 11:41:27'),(89,'Annabelle','Rolfson','ruecker.esther@example.com',958629,'f','1975-04-29','South Jeanie',NULL,'aa571849a3a1369f0303146c40ab0226','2016-07-20 00:47:00'),(90,'Olen','Langworth','nicholaus10@example.com',642,'f','2011-12-05','Lindtown',NULL,'bffc8d4bed1b9ef2ee6cfc8d63f35442','1975-10-13 05:52:02'),(91,'Zoila','Upton','runolfsson.brandyn@example.com',406882,'m','2005-05-21','Port Haskellborough',NULL,'962e3e36dd9ac70c322755a92307dc43','1988-07-11 19:10:56'),(92,'Maryjane','D\'Amore','kirk.aufderhar@example.org',946716,'m','1978-09-08','Andreanneview',NULL,'31882710f4a4947049895b7da182ecfc','2012-08-31 07:32:36'),(93,'Bulah','Lubowitz','sbeier@example.org',0,'m','1971-03-17','West Modesta',NULL,'3cf2d19edc4b132fcc8486efb4bd8d22','1983-06-19 21:15:21'),(94,'Arnoldo','Deckow','oheller@example.net',302,'f','2010-03-21','Port Kavon',NULL,'97ca36775d801ca0c29f42488389d88a','1985-11-17 00:27:49'),(95,'Yessenia','Turcotte','hane.estevan@example.net',33771,'f','2003-04-30','Wilhelminestad',NULL,'44848418bba2945ef1c2ad0ebacd211d','2017-01-29 14:25:00'),(96,'Bernard','Hand','malcolm.mcdermott@example.net',440,'m','2000-05-26','South Keara',NULL,'2913acbc7e90cdc0021a30a9323c043b','2001-02-25 14:48:13'),(97,'Tyrese','Rowe','gerhold.damaris@example.com',0,'f','2013-10-03','Homenicktown',NULL,'fb961a4e5ff5ccc703fa9df1c339c8ad','1992-11-18 23:51:53'),(98,'Darrel','Fay','lmonahan@example.net',583491,'f','2013-12-30','East Todport',NULL,'8e817779b48857067b69a6ff9219dafe','2010-12-11 04:04:01'),(99,'Fleta','McCullough','kirsten.heidenreich@example.net',741671,'m','2004-02-21','South Feliciamouth',NULL,'03f16b8d566a979e35205f7c8b871683','2011-11-22 01:18:37'),(100,'Elbert','O\'Connell','heather35@example.com',526,'f','1990-02-28','Wardtown',NULL,'9d27dc045dfcaca6e9e8984ca2b171b6','1972-07-13 02:10:13');
/*!40000 ALTER TABLE `users` ENABLE KEYS */;
UNLOCK TABLES;

--
-- Table structure for table `users_communities`
--

DROP TABLE IF EXISTS `users_communities`;
/*!40101 SET @saved_cs_client     = @@character_set_client */;
/*!50503 SET character_set_client = utf8mb4 */;
CREATE TABLE `users_communities` (
  `user_id` bigint unsigned NOT NULL,
  `communities_id` bigint unsigned NOT NULL,
  `is_admin` tinyint(1) DEFAULT '0',
  PRIMARY KEY (`user_id`,`communities_id`),
  KEY `communities_id` (`communities_id`),
  CONSTRAINT `users_communities_ibfk_1` FOREIGN KEY (`user_id`) REFERENCES `users` (`id`),
  CONSTRAINT `users_communities_ibfk_2` FOREIGN KEY (`communities_id`) REFERENCES `communities` (`id`)
) ENGINE=InnoDB DEFAULT CHARSET=utf8mb4 COLLATE=utf8mb4_0900_ai_ci;
/*!40101 SET character_set_client = @saved_cs_client */;

--
-- Dumping data for table `users_communities`
--

LOCK TABLES `users_communities` WRITE;
/*!40000 ALTER TABLE `users_communities` DISABLE KEYS */;
INSERT INTO `users_communities` VALUES (3,4,0),(4,5,0),(4,16,0),(6,15,0),(7,18,1),(9,7,1),(11,17,1),(14,14,1),(15,8,0),(16,9,0),(17,3,0),(17,5,0),(20,15,0),(21,11,1),(21,19,0),(25,20,1),(28,2,0),(30,10,0),(34,5,1),(36,11,1),(42,10,0),(42,13,0),(45,8,1),(50,19,0),(52,9,0),(52,20,0),(54,8,1),(57,12,0),(58,2,1),(58,12,0),(59,7,0),(60,19,0),(62,19,1),(64,6,1),(65,17,0),(66,3,0),(68,6,1),(73,2,1),(73,3,1),(75,1,1),(75,17,0),(76,19,0),(79,19,1),(85,5,0),(86,5,0),(88,18,1),(90,4,0),(92,5,1),(92,16,1);
/*!40000 ALTER TABLE `users_communities` ENABLE KEYS */;
UNLOCK TABLES;
/*!40103 SET TIME_ZONE=@OLD_TIME_ZONE */;

/*!40101 SET SQL_MODE=@OLD_SQL_MODE */;
/*!40014 SET FOREIGN_KEY_CHECKS=@OLD_FOREIGN_KEY_CHECKS */;
/*!40014 SET UNIQUE_CHECKS=@OLD_UNIQUE_CHECKS */;
/*!40101 SET CHARACTER_SET_CLIENT=@OLD_CHARACTER_SET_CLIENT */;
/*!40101 SET CHARACTER_SET_RESULTS=@OLD_CHARACTER_SET_RESULTS */;
/*!40101 SET COLLATION_CONNECTION=@OLD_COLLATION_CONNECTION */;
/*!40111 SET SQL_NOTES=@OLD_SQL_NOTES */;

-- Dump completed on 2020-09-24 21:45:52
